Roll No,Student Name,Branch,Year,Current_Semester,S1 SGPA,S2 SGPA,S3 SGPA,S4 SGPA,S5 SGPA,S6 SGPA,S7 SGPA,S8 SGPA,Att S1%,Att S2%,Att S3%,Att S4%,Att S5%,Att S6%,Att S7%,Backlogs,Internship,Projects,Hackathons,Overall Att%,CGPA,Dropout Risk,Placement Status,Company,Package (LPA),Pass/Fail
ENG2024001,Harsh Verma,CE,4,7,5.33,5.49,6.22,3.53,4.81,3.0,3.74,,62.9,64.8,51.2,65.2,67.1,58.4,60.8,1,No,4,2,61.5,4.59,High,Not Placed,,,Fail
ENG2024002,Rohan Rao,CST,2,4,9.13,8.71,8.97,7.54,,,,,96.7,93.1,85.9,90.3,,,,0,Yes,3,2,91.5,8.59,Low,,,,Pass
ENG2024003,Parth Gupta,DS,2,4,6.11,6.92,7.32,4.83,,,,,66.3,71.2,71.5,79.6,,,,1,Yes,2,0,72.2,6.3,Low,,,,Fail
ENG2024004,Gayatri Chaudhary,DS,3,6,8.25,8.37,9.34,9.15,8.08,10.0,,,91.2,85.3,81.9,88.2,84.9,84.8,,0,Yes,3,1,86.0,8.86,Low,,,,Pass
ENG2024005,Farhan Bose,DS,2,4,8.09,9.45,8.16,7.7,,,,,89.3,92.7,86.5,97.5,,,,1,No,1,0,91.5,8.35,Low,,,,Fail
ENG2024006,Dhruv Patel,CE,4,7,5.59,6.03,6.98,5.52,6.73,6.43,6.69,,82.2,71.5,69.4,79.2,81.2,79.8,75.8,2,No,4,1,77.0,6.28,Medium,Placed,TCS,6.5,Fail
ENG2024007,Ananya Iyer,AI,2,4,6.25,7.71,6.63,6.86,,,,,82.1,73.1,82.8,82.0,,,,3,Yes,2,1,80.0,6.86,Low,,,,Fail
ENG2024008,Pallavi Pillai,DS,4,7,6.1,5.46,6.45,6.29,5.95,7.46,6.4,,77.9,78.4,82.3,69.6,79.8,81.2,79.1,1,Yes,3,0,78.3,6.3,Low,Placed,Cognizant,7.5,Fail
ENG2024009,Nisha Das,AI,4,7,6.32,6.82,5.69,5.57,5.87,6.6,5.61,,73.4,70.1,77.2,66.6,66.8,67.1,63.7,0,Yes,1,0,69.3,6.07,Low,Placed,Accenture,7.5,Pass
ENG2024010,Ananya Malhotra,CST,3,6,6.79,5.67,6.28,6.25,6.57,5.56,,,67.7,84.4,79.3,65.8,68.9,68.7,,0,Yes,3,0,72.5,6.19,Low,,,,Pass
ENG2024011,Neha Chaudhary,DS,4,7,4.64,5.08,5.68,4.51,4.85,3.82,4.21,,60.0,65.4,65.9,51.1,68.0,59.2,59.6,2,No,2,1,61.3,4.68,Medium,Pursuing Higher Studies,,,Fail
ENG2024012,Chetan Pillai,AI,4,7,4.62,4.37,4.75,3.77,3.0,3.0,3.12,,55.4,45.2,42.8,49.9,55.6,53.9,51.8,5,No,2,0,50.7,3.8,High,Pursuing Higher Studies,,,Fail
ENG2024013,Girish Bose,CE,2,4,5.53,5.21,6.79,4.7,,,,,72.6,62.6,70.7,58.0,,,,4,No,0,2,66.0,5.56,Medium,,,,Fail
ENG2024014,Rohan Sharma,CE,4,7,3.72,3.36,4.3,3.39,4.02,3.0,3.0,,37.4,37.5,64.6,46.2,49.5,54.7,60.4,4,Yes,2,2,50.0,3.54,High,Pursuing Higher Studies,,,Fail
ENG2024015,Lakshmi Salvi,ENC,2,4,4.7,5.1,5.18,5.57,,,,,60.0,61.9,52.1,63.2,,,,2,Yes,4,0,59.3,5.14,High,,,,Fail
ENG2024016,Soham Kulkarni,DS,3,6,3.21,5.42,3.88,4.78,3.0,3.0,,,64.2,64.6,55.9,51.1,54.7,63.1,,4,Yes,1,0,58.9,3.88,High,,,,Fail
ENG2024017,Kunal Tiwari,CST,4,7,6.78,5.42,6.48,7.25,6.33,5.66,8.09,,76.7,79.5,80.1,72.6,69.6,60.9,75.2,0,No,1,0,73.5,6.57,Low,Placed,Capgemini,3.7,Pass
ENG2024018,Soham Singh,CE,1,2,6.78,6.92,,,,,,,80.8,76.8,,,,,,1,Yes,3,1,78.8,6.85,Low,,,,Fail
ENG2024019,Farhan Jadhav,CST,1,2,7.92,8.71,,,,,,,89.3,94.1,,,,,,0,Yes,3,3,91.7,8.32,Low,,,,Pass
ENG2024020,Gaurav More,DS,3,6,5.89,6.48,5.28,5.2,6.71,4.91,,,68.4,70.6,68.5,66.8,68.3,79.5,,0,Yes,1,1,70.4,5.74,Low,,,,Pass
ENG2024021,Suresh Das,CE,2,4,8.2,8.07,9.07,9.29,,,,,84.3,93.7,89.6,93.0,,,,0,No,2,2,90.2,8.66,Low,,,,Pass
ENG2024022,Ravi Patel,ENC,1,2,6.21,4.91,,,,,,,69.2,71.5,,,,,,0,Yes,2,2,70.4,5.56,Medium,,,,Pass
ENG2024023,Harsha Chaudhary,AI,3,6,7.38,6.66,7.24,5.99,4.79,5.48,,,81.1,66.1,81.8,66.0,65.8,53.9,,0,Yes,4,2,69.1,6.26,Medium,,,,Pass
ENG2024024,Ishaan Jadhav,DS,4,7,5.87,6.64,6.38,5.46,5.84,4.98,5.02,,66.3,84.8,71.4,81.2,62.3,62.2,65.5,0,Yes,3,1,70.5,5.74,Low,Placed,HCL,4.0,Pass
ENG2024025,Divya Malhotra,DS,3,6,7.35,5.79,5.81,7.41,5.37,7.45,,,78.7,74.0,79.3,83.0,62.7,76.0,,1,Yes,2,1,75.6,6.53,Low,,,,Fail
ENG2024026,Sameer Roy,DS,2,4,6.79,5.45,6.24,6.63,,,,,68.0,71.2,70.0,79.9,,,,0,Yes,3,2,72.3,6.28,Low,,,,Pass
ENG2024027,Tushar Kapoor,CST,3,6,6.47,5.66,6.34,6.79,8.06,4.89,,,77.3,83.2,67.8,67.0,72.6,69.3,,0,Yes,2,0,72.9,6.37,Low,,,,Pass
ENG2024028,Nandini Nair,DS,3,6,8.55,8.29,9.89,8.47,9.11,7.31,,,89.7,96.6,86.2,86.2,82.0,76.3,,0,Yes,1,1,86.2,8.6,Low,,,,Pass
ENG2024029,Arjun Pillai,CST,3,6,7.06,8.83,8.91,8.72,8.16,8.64,,,86.3,88.4,91.2,86.8,87.5,86.2,,0,Yes,1,2,87.7,8.39,Low,,,,Pass
ENG2024030,Sameer Iyer,ENC,2,4,6.37,5.94,6.18,5.69,,,,,78.2,65.5,69.4,69.6,,,,1,No,3,0,70.7,6.05,Low,,,,Fail
ENG2024031,Pooja Singh,ENC,3,6,6.15,5.58,3.71,6.24,6.16,4.67,,,70.8,58.6,69.3,59.1,60.0,57.9,,4,No,4,1,62.6,5.42,Medium,,,,Fail
ENG2024032,Vidya Kulkarni,DS,3,6,4.72,3.09,3.0,4.48,3.0,3.0,,,51.6,54.5,59.9,41.2,37.5,41.2,,3,No,2,1,47.6,3.55,High,,,,Fail
ENG2024033,Harsha Pawar,AI,3,6,9.52,8.27,8.69,8.63,8.18,9.08,,,83.9,80.6,84.7,90.7,96.8,98.8,,0,Yes,2,1,89.2,8.73,Low,,,,Pass
ENG2024034,Lakshmi Pawar,ENC,2,4,6.39,6.87,7.36,6.91,,,,,80.2,79.5,77.7,84.6,,,,3,Yes,2,0,80.5,6.88,Low,,,,Fail
ENG2024035,Tanvi Tiwari,CST,3,6,3.64,4.19,5.45,4.43,3.26,3.0,,,37.3,55.9,45.2,56.7,53.1,54.4,,3,No,1,1,50.4,3.99,High,,,,Fail
ENG2024036,Ritika Nair,AI,3,6,7.09,6.81,5.0,4.9,5.9,5.35,,,79.6,65.1,74.3,70.9,70.8,63.8,,2,Yes,2,0,70.8,5.84,Low,,,,Fail
ENG2024037,Alok Joshi,DS,2,4,6.1,7.42,7.26,6.72,,,,,75.3,69.6,68.5,69.4,,,,0,Yes,2,0,70.7,6.88,Low,,,,Pass
ENG2024038,Rekha Rao,CST,3,6,6.91,7.1,6.23,6.85,5.5,5.9,,,83.6,79.7,70.6,70.1,59.3,71.0,,0,Yes,0,1,72.4,6.42,Low,,,,Pass
ENG2024039,Lakshmi Gawde,CST,3,6,9.19,8.47,9.38,8.87,10.0,10.0,,,91.1,93.5,82.9,95.9,92.6,96.6,,0,Yes,1,1,92.1,9.32,Low,,,,Pass
ENG2024040,Uma Pillai,DS,1,2,7.24,5.73,,,,,,,67.3,72.5,,,,,,0,Yes,1,0,69.9,6.48,Medium,,,,Pass
ENG2024041,Shruti Mehta,ENC,4,7,6.28,5.73,6.2,5.89,5.44,7.82,5.78,,65.4,71.5,74.8,80.4,73.7,83.7,73.0,1,Yes,1,3,74.6,6.16,Low,Pursuing Higher Studies,,,Fail
ENG2024042,Pooja Patel,ENC,4,7,7.07,7.31,5.07,6.04,6.41,6.48,5.47,,75.6,65.4,80.9,70.9,64.7,73.7,66.9,3,Yes,1,1,71.2,6.26,Medium,Not Placed,,,Fail
ENG2024043,Shivam Shinde,AI,2,4,8.05,8.43,8.42,8.46,,,,,85.2,92.5,95.5,94.0,,,,0,Yes,1,0,91.8,8.34,Low,,,,Pass
ENG2024044,Pallavi Kapoor,ENC,1,2,5.68,7.24,,,,,,,82.7,66.7,,,,,,2,No,4,0,74.7,6.46,Low,,,,Fail
ENG2024045,Shivam Tiwari,DS,2,4,7.57,9.28,9.69,9.15,,,,,94.7,88.1,91.6,89.5,,,,0,No,1,0,91.0,8.92,Low,,,,Pass
ENG2024046,Manas Shinde,AI,2,4,7.34,5.6,6.79,5.22,,,,,69.1,81.8,68.5,84.2,,,,1,Yes,2,2,75.9,6.24,Low,,,,Fail
ENG2024047,Harsha Shah,DS,1,2,3.78,3.86,,,,,,,52.8,62.4,,,,,,4,No,1,1,57.6,3.82,High,,,,Fail
ENG2024048,Ravi Gupta,AI,2,4,5.24,4.94,3.55,4.89,,,,,66.3,57.8,60.0,71.4,,,,1,No,2,0,63.9,4.66,High,,,,Fail
ENG2024049,Priya Malhotra,ENC,2,4,7.98,8.0,8.94,7.54,,,,,95.2,94.5,90.5,95.6,,,,0,No,0,1,93.9,8.12,Low,,,,Pass
ENG2024050,Rekha Bhat,CST,1,2,7.89,6.18,,,,,,,82.4,74.1,,,,,,1,Yes,2,0,78.2,7.04,Low,,,,Fail
ENG2024051,Xenia Salvi,CE,3,6,9.17,8.21,8.13,9.9,10.0,8.16,,,92.2,83.9,91.9,87.1,94.6,83.6,,0,No,4,0,88.9,8.93,Low,,,,Pass
ENG2024052,Xenia Shinde,DS,4,7,4.16,4.4,5.59,5.79,4.02,5.17,4.08,,61.1,50.4,64.7,54.2,52.3,55.7,54.2,3,No,2,0,56.1,4.74,High,Not Placed,,,Fail
ENG2024053,Tushar Pillai,CST,2,4,6.97,7.34,7.12,6.74,,,,,83.7,72.0,67.0,74.7,,,,0,No,3,1,74.4,7.04,Low,,,,Pass
ENG2024054,Kavya Pandey,AI,3,6,6.33,5.49,5.94,7.34,6.97,7.16,,,81.4,82.7,69.6,69.2,71.5,79.9,,1,Yes,3,3,75.7,6.54,Low,,,,Fail
ENG2024055,Manas Iyer,CST,4,7,6.87,6.7,6.41,5.37,5.8,6.13,6.09,,73.6,79.4,78.8,84.8,72.3,75.7,75.7,0,No,2,0,77.2,6.2,Low,Pursuing Higher Studies,,,Pass
ENG2024056,Bhavna Kumar,ENC,2,4,6.66,6.33,6.49,6.63,,,,,68.8,66.0,72.6,72.3,,,,3,Yes,1,1,69.9,6.53,Low,,,,Fail
ENG2024057,Kunal Joshi,DS,2,4,3.93,3.74,5.97,5.12,,,,,74.8,73.2,63.5,71.1,,,,3,No,0,1,70.6,4.69,High,,,,Fail
ENG2024058,Dhruv Das,AI,3,6,7.47,7.5,7.78,9.22,8.84,8.85,,,91.3,92.1,89.6,93.0,100.0,93.7,,0,Yes,1,0,93.3,8.28,Low,,,,Pass
ENG2024059,Deepak Jadhav,AI,2,4,3.8,3.13,4.36,3.0,,,,,46.0,37.0,35.8,39.1,,,,7,No,2,0,39.5,3.57,High,,,,Fail
ENG2024060,Vidya Das,DS,4,7,6.91,5.1,5.73,5.9,6.15,4.56,6.16,,77.4,77.7,69.6,69.7,70.6,66.2,66.4,0,No,3,2,71.1,5.79,Low,Placed,HCL,6.4,Pass
ENG2024061,Isha Dubey,CE,3,6,5.7,6.72,5.97,7.43,4.96,5.86,,,75.0,70.3,68.0,67.5,58.6,73.0,,2,No,3,1,68.7,6.11,Low,,,,Fail
ENG2024062,Rahul Malhotra,ENC,4,7,5.61,3.14,3.92,4.19,4.16,3.0,3.23,,37.5,56.5,37.2,37.1,54.3,48.7,52.8,3,Yes,1,0,46.3,3.89,High,Pursuing Higher Studies,,,Fail
ENG2024063,Aditya Kumar,DS,4,7,4.76,5.32,3.63,5.88,4.09,5.04,3.25,,62.2,73.0,63.0,65.4,53.5,63.0,70.9,1,No,1,0,64.4,4.57,Medium,Not Placed,,,Fail
ENG2024064,Rekha Kulkarni,CE,2,4,6.08,5.99,4.62,5.42,,,,,71.0,68.2,69.4,66.4,,,,1,No,4,2,68.8,5.53,Medium,,,,Fail
ENG2024065,Soham Kumar,AI,1,2,3.91,4.53,,,,,,,69.0,68.6,,,,,,3,No,1,0,68.8,4.22,High,,,,Fail
ENG2024066,Sameer Salvi,DS,2,4,8.92,8.07,9.88,9.21,,,,,92.4,86.8,89.7,89.4,,,,0,Yes,3,0,89.6,9.02,Low,,,,Pass
ENG2024067,Aarav Bhat,DS,2,4,5.44,6.45,6.94,5.22,,,,,72.1,80.9,66.9,76.8,,,,1,Yes,0,1,74.2,6.01,Medium,,,,Fail
ENG2024068,Nisha Reddy,AI,1,2,6.38,7.05,,,,,,,84.6,69.2,,,,,,2,Yes,2,0,76.9,6.72,Low,,,,Fail
ENG2024069,Nisha Singh,CE,1,2,8.51,9.6,,,,,,,82.1,87.4,,,,,,0,No,2,0,84.8,9.06,Low,,,,Pass
ENG2024070,Sanket Pandey,DS,2,4,5.5,5.45,5.26,3.94,,,,,73.4,67.7,65.8,51.2,,,,5,Yes,3,0,64.5,5.04,High,,,,Fail
ENG2024071,Alok Mishra,CST,3,6,9.07,7.91,9.51,8.69,7.13,9.48,,,80.4,91.9,97.3,90.1,84.7,87.9,,0,No,1,2,88.7,8.63,Low,,,,Pass
ENG2024072,Kunal Pawar,DS,1,2,4.39,5.91,,,,,,,50.6,68.0,,,,,,2,No,2,0,59.3,5.15,Medium,,,,Fail
ENG2024073,Lakshmi Chaudhary,CST,2,4,6.65,7.22,5.72,6.93,,,,,80.0,70.8,80.7,67.2,,,,0,Yes,3,1,74.7,6.63,Low,,,,Pass
ENG2024074,Qasim Sharma,DS,3,6,5.7,3.73,6.16,4.79,4.23,3.94,,,59.9,52.3,61.0,54.9,44.5,50.1,,1,No,2,1,53.8,4.76,Medium,,,,Fail
ENG2024075,Zainab Sawant,AI,4,7,7.44,6.62,7.33,6.02,6.66,5.74,6.74,,84.7,78.4,77.7,68.3,63.2,73.4,80.1,2,Yes,1,0,75.1,6.65,Low,Not Placed,,,Fail
ENG2024076,Lalit Verma,DS,2,4,7.48,6.33,7.56,6.6,,,,,82.6,75.5,69.9,67.3,,,,0,Yes,2,3,73.8,6.99,Low,,,,Pass
ENG2024077,Harsh Pawar,ENC,3,6,5.21,5.84,4.17,4.45,5.24,4.68,,,55.3,50.8,57.6,66.3,67.2,69.7,,5,Yes,3,1,61.2,4.93,High,,,,Fail
ENG2024078,Sara Rao,DS,3,6,3.0,3.27,3.0,4.06,3.0,3.0,,,64.5,53.6,51.8,53.8,57.2,59.2,,5,No,1,0,56.7,3.22,High,,,,Fail
ENG2024079,Chirag Rao,ENC,1,2,7.71,7.95,,,,,,,93.4,80.9,,,,,,0,Yes,2,1,87.2,7.83,Low,,,,Pass
ENG2024080,Vikram Iyer,DS,3,6,6.74,6.23,6.86,5.78,6.38,5.81,,,71.8,68.3,68.4,84.0,79.0,82.1,,1,Yes,2,2,75.6,6.3,Low,,,,Fail
ENG2024081,Divya Yadav,AI,4,7,5.95,7.5,4.88,6.94,5.63,6.0,5.62,,82.1,66.0,81.7,81.9,73.6,72.0,67.7,0,Yes,2,0,75.0,6.07,Low,Pursuing Higher Studies,,,Pass
ENG2024082,Deepak Chaudhary,CE,1,2,4.43,5.13,,,,,,,74.8,53.3,,,,,,2,No,2,0,64.0,4.78,High,,,,Fail
ENG2024083,Jatin Gupta,AI,3,6,7.09,5.69,6.64,5.79,5.33,5.12,,,83.8,78.4,78.6,72.2,66.9,70.2,,1,No,4,1,75.0,5.94,Medium,,,,Fail
ENG2024084,Jayesh Malhotra,AI,1,2,3.0,3.63,,,,,,,36.3,38.7,,,,,,5,No,1,1,37.5,3.32,High,,,,Fail
ENG2024085,Manish Bhat,AI,2,4,4.42,6.4,5.66,4.57,,,,,65.0,67.6,67.2,59.4,,,,1,No,1,1,64.8,5.26,Medium,,,,Fail
ENG2024086,Qasim Das,DS,2,4,6.44,6.2,7.15,6.29,,,,,68.3,84.4,69.6,84.5,,,,1,No,1,3,76.7,6.52,Low,,,,Fail
ENG2024087,Dhruv Tiwari,CST,1,2,4.92,6.11,,,,,,,70.7,74.6,,,,,,2,Yes,2,0,72.6,5.52,Medium,,,,Fail
ENG2024088,Sunita Mishra,ENC,2,4,6.55,6.23,4.96,7.04,,,,,71.9,76.6,67.8,73.9,,,,1,Yes,2,3,72.6,6.2,Low,,,,Fail
ENG2024089,Sara Shinde,AI,3,6,4.33,4.75,6.54,5.69,4.5,6.64,,,53.7,61.6,74.5,62.1,51.8,62.3,,4,No,2,0,61.0,5.41,Medium,,,,Fail
ENG2024090,Varun Naik,ENC,2,4,6.28,4.94,5.19,5.79,,,,,50.1,66.0,57.5,56.0,,,,2,No,0,2,57.4,5.55,Medium,,,,Fail
ENG2024091,Puja Naik,DS,1,2,6.66,6.04,,,,,,,81.1,70.6,,,,,,0,Yes,0,3,75.8,6.35,Low,,,,Pass
ENG2024092,Ishaan Rao,DS,2,4,8.93,9.4,9.31,8.18,,,,,81.4,87.3,87.3,81.2,,,,0,Yes,4,0,84.3,8.96,Low,,,,Pass
ENG2024093,Parth Nair,CST,4,7,4.24,3.77,4.91,4.05,3.55,4.12,3.0,,54.7,68.0,71.7,61.3,53.0,58.1,62.1,4,No,2,0,61.3,3.95,High,Pursuing Higher Studies,,,Fail
ENG2024094,Soham Verma,DS,4,7,6.24,6.26,5.73,5.52,6.12,5.68,5.4,,70.4,81.9,71.3,80.8,72.6,69.5,65.3,2,Yes,4,1,73.1,5.85,Medium,Pursuing Higher Studies,,,Fail
ENG2024095,Yogesh Malhotra,ENC,2,4,5.62,5.5,5.68,4.48,,,,,66.1,51.2,59.0,73.9,,,,3,No,2,0,62.6,5.32,High,,,,Fail
ENG2024096,Pooja Bose,AI,1,2,3.74,3.55,,,,,,,56.9,54.4,,,,,,6,No,0,0,55.6,3.64,High,,,,Fail
ENG2024097,Parth Sharma,CST,3,6,3.71,3.0,4.4,3.06,3.35,3.28,,,57.1,44.9,62.2,43.0,55.6,54.8,,6,Yes,0,0,52.9,3.47,High,,,,Fail
ENG2024098,Deepika Mehta,CE,4,7,5.55,4.06,3.48,4.66,3.08,4.38,6.0,,60.0,57.6,51.6,55.7,55.7,62.0,53.4,2,No,3,0,56.6,4.46,High,Not Placed,,,Fail
ENG2024099,Pooja Nair,DS,2,4,7.24,6.89,6.69,7.04,,,,,68.3,77.9,81.2,83.9,,,,0,Yes,2,0,77.8,6.96,Low,,,,Pass
ENG2024100,Anjali Kadam,CST,1,2,8.81,7.66,,,,,,,89.0,92.2,,,,,,0,Yes,2,1,90.6,8.24,Low,,,,Pass
ENG2024101,Deepika Pandey,ENC,3,6,4.17,3.98,3.53,3.0,4.28,3.0,,,55.9,46.9,63.6,64.0,50.0,45.3,,4,Yes,1,0,54.3,3.66,High,,,,Fail
ENG2024102,Pranav Kulkarni,AI,3,6,9.16,7.93,8.79,8.54,8.94,7.88,,,97.9,80.8,93.7,86.7,90.3,99.7,,0,Yes,4,3,91.5,8.54,Low,,,,Pass
ENG2024103,Lalit Tiwari,CE,3,6,3.71,3.98,3.57,3.0,3.35,3.0,,,47.9,62.1,60.4,47.0,48.0,43.2,,6,Yes,2,0,51.4,3.44,High,,,,Fail
ENG2024104,Sunita Gupta,ENC,2,4,7.12,5.29,6.66,7.08,,,,,78.1,68.0,82.5,75.8,,,,0,Yes,0,0,76.1,6.54,Low,,,,Pass
ENG2024105,Waqar Kapoor,ENC,3,6,8.56,7.81,8.95,8.1,9.37,9.56,,,84.9,82.3,86.1,98.0,90.4,84.2,,0,No,2,0,87.6,8.72,Low,,,,Pass
ENG2024106,Jayesh Rao,CE,4,7,8.31,7.54,9.58,8.25,9.09,8.0,8.9,,86.2,80.6,80.9,82.6,90.9,94.3,84.9,0,Yes,1,0,85.8,8.52,Low,Placed,Tech Mahindra,10.1,Pass
ENG2024107,Jayesh Bhosale,ENC,2,4,6.31,7.15,6.69,7.63,,,,,75.8,73.6,71.2,74.6,,,,0,Yes,3,3,73.8,6.94,Low,,,,Pass
ENG2024108,Nandini Singh,DS,4,7,5.38,4.2,6.34,3.68,3.0,5.06,4.7,,58.9,52.1,58.3,66.9,65.0,69.8,53.4,1,No,2,2,60.6,4.62,High,Pursuing Higher Studies,,,Fail
ENG2024109,Gaurav Salvi,CST,4,7,5.73,4.99,3.92,6.13,3.53,4.17,4.86,,67.2,53.6,64.9,54.3,60.5,63.6,61.1,5,No,2,1,60.7,4.76,High,Pursuing Higher Studies,,,Fail
ENG2024110,Tanvi Salvi,AI,2,4,9.76,9.01,8.22,9.2,,,,,92.2,87.3,80.3,90.5,,,,0,Yes,4,1,87.6,9.05,Low,,,,Pass
ENG2024111,Bharat Gawde,AI,3,6,8.63,9.48,9.61,9.58,8.64,8.8,,,94.7,80.9,96.4,80.5,78.9,88.3,,0,No,4,1,86.6,9.12,Low,,,,Pass
ENG2024112,Bhavna Singh,AI,3,6,4.36,6.25,5.1,5.58,3.37,4.34,,,59.2,72.4,66.7,69.7,58.8,59.3,,3,No,1,1,64.4,4.83,High,,,,Fail
ENG2024113,Chirag Shinde,ENC,3,6,9.54,8.62,8.61,7.85,8.66,8.01,,,94.2,97.0,93.4,93.0,92.2,81.6,,0,Yes,3,0,91.9,8.55,Low,,,,Pass
ENG2024114,Priya Mishra,ENC,3,6,6.06,7.8,6.08,6.58,5.7,7.24,,,81.8,82.2,80.0,73.8,77.3,78.4,,1,No,1,2,78.9,6.58,Low,,,,Fail
ENG2024115,Nandini Chaudhary,ENC,2,4,5.84,5.28,5.24,3.94,,,,,57.8,54.2,56.1,56.7,,,,2,No,2,2,56.2,5.08,Medium,,,,Fail
ENG2024116,Girish Gupta,CE,2,4,6.9,6.06,6.72,5.06,,,,,67.9,78.8,69.1,72.8,,,,2,No,2,0,72.1,6.18,Low,,,,Fail
ENG2024117,Dhruv Reddy,DS,3,6,7.33,7.09,6.74,5.4,6.22,5.66,,,73.2,78.0,65.3,70.6,68.2,63.9,,0,No,1,2,69.9,6.41,Medium,,,,Pass
ENG2024118,Rohan Gawde,CST,3,6,7.83,8.14,7.83,8.67,8.63,7.54,,,94.5,93.9,89.9,81.2,83.4,88.1,,0,Yes,3,2,88.5,8.11,Low,,,,Pass
ENG2024119,Priya Nair,AI,4,7,8.5,7.9,7.37,10.0,9.0,8.51,8.68,,95.6,93.0,93.4,90.0,82.7,83.9,86.1,0,No,2,3,89.2,8.57,Low,Pursuing Higher Studies,,,Pass
ENG2024120,Farida Malhotra,CE,4,7,4.69,4.5,4.05,5.72,4.12,4.13,3.16,,58.1,72.4,72.2,58.1,50.5,49.5,61.9,5,Yes,3,1,60.4,4.34,High,Pursuing Higher Studies,,,Fail
ENG2024121,Gaurav Mehta,AI,4,7,6.47,4.05,4.9,6.2,3.47,3.0,5.69,,62.8,50.1,73.5,60.4,62.3,54.1,64.2,2,No,0,1,61.1,4.83,High,Not Placed,,,Fail
ENG2024122,Sunita Sharma,AI,2,4,8.75,8.92,10.0,9.57,,,,,81.0,88.2,92.1,92.2,,,,0,Yes,1,1,88.4,9.31,Low,,,,Pass
ENG2024123,Farhan Rao,AI,4,7,9.21,8.77,9.82,8.45,8.56,10.0,8.34,,93.3,81.7,90.7,92.6,98.3,99.9,90.6,0,Yes,2,0,92.4,9.02,Low,Placed,Tech Mahindra,11.0,Pass
ENG2024124,Manish Bhosale,DS,3,6,7.09,5.85,6.56,5.79,7.32,6.07,,,68.4,74.5,66.1,83.8,80.7,71.7,,0,Yes,2,3,74.2,6.45,Low,,,,Pass
ENG2024125,Lalit Shetty,DS,2,4,6.69,5.28,6.1,6.52,,,,,68.1,66.7,74.7,71.0,,,,1,Yes,1,1,70.1,6.15,Low,,,,Fail
ENG2024126,Pallavi Shinde,CE,1,2,9.27,8.96,,,,,,,86.5,83.4,,,,,,0,Yes,4,2,85.0,9.12,Low,,,,Pass
ENG2024127,Chirag Joshi,CE,3,6,6.13,4.99,4.71,5.83,3.97,4.79,,,54.4,64.2,64.5,62.2,66.1,58.9,,3,No,2,0,61.7,5.07,High,,,,Fail
ENG2024128,Vidya Sharma,CST,3,6,8.16,8.3,9.55,8.84,8.13,8.6,,,84.0,83.9,95.7,84.5,86.7,88.6,,0,Yes,3,1,87.2,8.6,Low,,,,Pass
ENG2024129,Yash Bhat,CST,2,4,5.83,7.59,6.31,7.14,,,,,75.3,79.1,83.7,72.5,,,,2,Yes,2,2,77.6,6.72,Low,,,,Fail
ENG2024130,Harsha Desai,AI,2,4,5.23,4.42,6.66,4.04,,,,,61.6,69.3,72.9,54.7,,,,5,No,2,0,64.6,5.09,High,,,,Fail
ENG2024131,Dhruv Malhotra,AI,1,2,4.75,4.45,,,,,,,50.5,70.7,,,,,,3,No,1,0,60.6,4.6,High,,,,Fail
ENG2024132,Lalit Shah,CE,2,4,8.52,8.43,9.06,8.25,,,,,92.2,89.8,86.2,87.8,,,,0,No,1,2,89.0,8.56,Low,,,,Pass
ENG2024133,Nandini Desai,CE,4,7,3.0,5.02,3.94,4.22,4.2,3.0,3.0,,61.5,61.9,62.3,44.4,48.2,51.4,56.7,5,No,0,0,55.2,3.77,High,Pursuing Higher Studies,,,Fail
ENG2024134,Pallavi Mehta,DS,4,7,7.94,9.36,8.8,8.32,8.44,9.62,8.24,,84.6,94.0,81.8,81.4,86.4,87.2,71.6,0,No,1,2,83.9,8.67,Low,Placed,Accenture,12.6,Pass
ENG2024135,Xenia Chaudhary,DS,2,4,4.37,3.93,3.0,3.0,,,,,50.7,41.5,64.7,52.2,,,,3,No,2,1,52.3,3.58,High,,,,Fail
ENG2024136,Chirag Sawant,ENC,2,4,6.55,6.06,6.27,6.33,,,,,83.7,67.4,83.7,78.7,,,,1,No,2,0,78.4,6.3,Low,,,,Fail
ENG2024137,Chirag Mehta,DS,3,6,4.1,5.94,3.01,6.37,4.54,3.87,,,66.9,66.5,51.8,59.9,70.6,59.9,,1,No,3,0,62.6,4.64,Medium,,,,Fail
ENG2024138,Xenia Shetty,CST,3,6,4.32,3.7,4.23,3.57,5.43,3.82,,,73.6,55.9,52.7,69.2,67.7,63.0,,3,No,1,0,63.7,4.18,High,,,,Fail
ENG2024139,Nisha Dubey,CE,3,6,5.43,6.89,6.93,6.76,7.01,6.21,,,83.8,68.6,77.5,69.5,83.8,67.8,,0,Yes,2,0,75.2,6.54,Low,,,,Pass
ENG2024140,Lakshmi Mehta,ENC,2,4,6.08,3.47,4.21,5.44,,,,,56.6,57.0,56.9,50.9,,,,5,No,2,0,55.4,4.8,High,,,,Fail
ENG2024141,Omkar Iyer,CST,3,6,9.1,8.53,8.23,9.64,8.54,8.83,,,84.1,94.7,96.7,81.7,67.5,70.0,,0,Yes,0,0,82.4,8.81,Low,,,,Pass
ENG2024142,Mihir Nair,AI,4,7,5.84,4.64,5.3,4.34,3.21,5.09,4.52,,57.8,53.1,52.8,66.2,64.0,59.7,61.9,4,No,1,0,59.4,4.71,High,Not Placed,,,Fail
ENG2024143,Zainab Nair,CST,3,6,6.35,6.13,7.44,5.92,5.44,6.42,,,81.5,76.1,80.6,65.3,66.7,68.9,,2,Yes,4,0,73.2,6.28,Low,,,,Fail
ENG2024144,Pranav Shinde,AI,2,4,3.03,4.98,4.38,3.35,,,,,43.3,58.1,41.8,55.8,,,,4,No,1,0,49.8,3.94,High,,,,Fail
ENG2024145,Ishaan Kapoor,AI,2,4,9.39,8.93,7.99,9.29,,,,,94.0,92.1,93.0,88.9,,,,0,Yes,2,2,92.0,8.9,Low,,,,Pass
ENG2024146,Priya Bose,ENC,3,6,5.83,6.45,6.06,6.1,7.19,7.1,,,78.2,77.7,76.9,65.3,70.4,76.4,,2,No,2,1,74.1,6.45,Medium,,,,Fail
ENG2024147,Zainab Patel,CST,4,7,4.05,3.6,3.0,3.0,4.71,3.12,3.0,,46.7,42.2,37.8,44.4,54.8,62.8,61.4,3,No,2,0,50.0,3.5,High,Not Placed,,,Fail
ENG2024148,Charu Iyer,CST,4,7,6.05,6.57,6.87,5.99,6.25,6.98,5.56,,69.5,76.0,75.5,70.6,58.5,74.2,61.0,0,No,2,2,69.3,6.32,Medium,Placed,Tech Mahindra,3.8,Pass
ENG2024149,Chetan Bose,CST,2,4,4.21,3.33,4.94,3.0,,,,,63.2,50.9,57.0,62.7,,,,7,Yes,0,2,58.4,3.87,High,,,,Fail
ENG2024150,Vikram Dubey,DS,3,6,6.55,6.32,7.23,5.05,4.67,7.85,,,65.0,77.3,77.3,74.1,66.0,74.0,,0,Yes,2,2,72.3,6.28,Low,,,,Pass
ENG2024151,Shivam Bhat,DS,2,4,6.67,6.02,5.6,5.84,,,,,82.4,76.5,71.9,81.1,,,,1,No,4,1,78.0,6.03,Low,,,,Fail
ENG2024152,Nikhil Sawant,CST,2,4,6.87,7.79,5.58,6.74,,,,,83.8,67.5,82.5,84.4,,,,0,Yes,0,1,79.6,6.75,Low,,,,Pass
ENG2024153,Pranav Bhat,CE,4,7,9.5,9.49,7.32,8.57,7.44,8.21,8.95,,87.9,83.6,84.8,89.1,86.3,85.3,95.0,0,Yes,2,1,87.4,8.5,Low,Placed,Capgemini,16.1,Pass
ENG2024154,Zara Gupta,CST,2,4,8.49,9.17,9.79,6.86,,,,,93.4,84.4,90.8,86.9,,,,0,Yes,3,0,88.9,8.58,Low,,,,Pass
ENG2024155,Sanket Gawde,CST,3,6,8.02,9.04,8.02,8.51,8.64,9.43,,,92.3,97.1,82.6,86.9,96.8,88.0,,0,No,2,1,90.6,8.61,Low,,,,Pass
ENG2024156,Shivam Nair,AI,2,4,5.17,6.04,4.55,3.98,,,,,52.8,58.3,69.5,60.9,,,,3,No,3,0,60.4,4.94,High,,,,Fail
ENG2024157,Aditya Gawde,DS,4,7,8.14,9.34,9.21,8.13,7.24,10.0,8.19,,82.9,97.1,95.8,96.3,83.1,90.2,89.3,1,No,2,1,90.7,8.61,Low,Placed,Cognizant,12.3,Fail
ENG2024158,Charu Kapoor,ENC,2,4,6.49,5.95,6.92,6.47,,,,,79.7,77.2,74.8,67.7,,,,0,Yes,2,1,74.8,6.46,Low,,,,Pass
ENG2024159,Gaurav Nair,CE,2,4,3.33,3.13,3.0,3.58,,,,,54.3,43.3,49.8,38.7,,,,5,No,1,1,46.5,3.26,High,,,,Fail
ENG2024160,Rekha Tiwari,AI,4,7,5.58,5.8,5.91,5.58,5.7,6.35,8.01,,65.4,68.1,82.7,74.2,65.9,67.8,73.7,1,Yes,2,3,71.1,6.13,Low,Placed,Cognizant,4.8,Fail
ENG2024161,Nisha Bhat,DS,1,2,9.13,9.21,,,,,,,92.1,84.3,,,,,,0,Yes,1,1,88.2,9.17,Low,,,,Pass
ENG2024162,Jatin More,AI,4,7,8.15,7.25,9.93,8.25,7.51,8.36,10.0,,85.8,93.8,82.6,91.8,82.2,86.2,95.8,0,No,4,0,88.3,8.49,Low,Not Placed,,,Pass
ENG2024163,Deepak Rao,DS,4,7,7.43,6.82,6.61,6.16,6.34,6.23,7.11,,81.2,83.9,71.3,82.2,82.9,71.5,89.6,0,Yes,3,2,80.4,6.67,Low,Placed,HCL,4.9,Pass
ENG2024164,Varun Desai,DS,4,7,7.8,9.11,9.07,10.0,10.0,8.92,7.24,,85.9,81.3,86.3,95.5,98.1,96.6,87.8,0,Yes,2,2,90.2,8.88,Low,Placed,Capgemini,12.2,Pass
ENG2024165,Lakshmi Naik,DS,4,7,7.86,8.42,7.0,7.83,8.48,9.17,10.0,,92.1,82.5,85.0,80.8,80.5,96.2,97.8,0,Yes,3,1,87.8,8.39,Low,Placed,Accenture,4.0,Pass
ENG2024166,Sunita Patil,CE,3,6,7.26,7.02,7.18,6.2,5.52,6.08,,,80.0,83.4,67.2,69.7,71.8,70.7,,2,No,0,1,73.8,6.54,Low,,,,Fail
ENG2024167,Bindu Dubey,CE,3,6,7.37,6.65,6.7,6.54,6.63,6.3,,,65.0,71.2,69.8,69.7,73.0,75.3,,0,No,1,1,70.7,6.7,Low,,,,Pass
ENG2024168,Aditya Malhotra,CE,4,7,5.59,6.16,4.3,3.94,4.45,3.95,4.09,,70.9,62.6,50.4,70.1,71.1,68.0,59.6,5,No,2,1,64.7,4.64,High,Not Placed,,,Fail
ENG2024169,Sanket Singh,ENC,2,4,4.16,5.45,4.45,3.4,,,,,56.8,73.9,73.8,58.8,,,,1,No,2,2,65.8,4.36,Medium,,,,Fail
ENG2024170,Kavya Bhat,ENC,4,7,6.66,6.95,6.69,7.32,7.05,7.65,6.76,,69.8,73.5,84.4,78.2,73.1,74.9,69.7,1,Yes,2,1,74.8,7.01,Low,Placed,TCS,4.4,Fail
ENG2024171,Harsh Singh,ENC,3,6,6.34,5.2,7.05,5.69,5.9,5.41,,,81.2,71.9,67.2,76.4,70.7,70.0,,1,Yes,1,1,72.9,5.93,Low,,,,Fail
ENG2024172,Tarun Shah,ENC,3,6,7.68,8.58,10.0,7.58,8.36,8.42,,,97.3,88.0,88.8,86.3,83.4,85.0,,0,Yes,3,2,88.1,8.44,Low,,,,Pass
ENG2024173,Ritika Desai,AI,4,7,5.94,5.1,5.83,4.28,4.76,4.63,3.0,,59.9,65.3,70.1,57.5,50.8,57.4,59.4,5,No,2,1,60.1,4.79,High,Not Placed,,,Fail
ENG2024174,Alok Tiwari,CE,1,2,7.93,8.35,,,,,,,96.9,88.9,,,,,,0,Yes,2,1,92.9,8.14,Low,,,,Pass
ENG2024175,Soham Tiwari,ENC,3,6,8.0,8.8,8.15,9.32,8.46,9.85,,,93.5,95.1,92.7,96.7,92.9,89.2,,0,No,2,0,93.4,8.76,Low,,,,Pass
ENG2024176,Ravi Pandey,CE,1,2,3.56,4.78,,,,,,,59.5,65.4,,,,,,5,No,4,1,62.4,4.17,High,,,,Fail
ENG2024177,Lalit Bhat,CST,2,4,5.53,6.21,6.56,7.06,,,,,80.0,81.1,67.7,66.4,,,,2,No,3,2,73.8,6.34,Low,,,,Fail
ENG2024178,Bhavna Iyer,ENC,2,4,3.0,5.11,3.01,3.0,,,,,50.1,58.1,36.9,52.3,,,,3,No,0,1,49.3,3.53,High,,,,Fail
ENG2024179,Dhruv Kulkarni,AI,3,6,3.08,3.5,4.07,4.03,4.58,3.14,,,60.4,55.6,43.7,41.0,53.9,53.1,,4,No,0,0,51.3,3.73,High,,,,Fail
ENG2024180,Arjun Sharma,ENC,4,7,4.61,5.06,4.21,5.52,5.89,4.34,5.21,,66.2,72.5,65.6,53.3,62.4,64.2,59.3,2,No,4,1,63.4,4.98,High,Not Placed,,,Fail
ENG2024181,Sneha Gupta,CST,4,7,5.91,6.05,6.97,6.64,5.64,7.38,5.34,,81.6,67.7,83.7,80.0,72.0,85.5,75.4,3,Yes,2,3,78.0,6.28,Low,Placed,Capgemini,6.3,Fail
ENG2024182,Ravi Joshi,DS,4,7,8.19,7.94,7.73,9.49,9.22,8.85,9.16,,84.1,85.2,86.6,91.9,82.3,92.1,88.3,0,Yes,3,1,87.2,8.65,Low,Not Placed,,,Pass
ENG2024183,Deepika Shah,AI,2,4,4.82,5.04,4.76,5.52,,,,,71.6,61.4,61.9,59.7,,,,5,No,0,1,63.6,5.04,High,,,,Fail
ENG2024184,Sunita Patel,CE,1,2,8.95,7.78,,,,,,,85.6,87.2,,,,,,0,Yes,2,1,86.4,8.36,Low,,,,Pass
ENG2024185,Varun Bose,CST,2,4,4.81,5.7,6.62,5.23,,,,,52.4,68.0,57.0,54.6,,,,1,No,3,0,58.0,5.59,High,,,,Fail
ENG2024186,Ekta Gupta,CE,4,7,6.12,6.44,7.37,6.86,6.77,5.71,6.91,,76.8,81.4,72.8,74.0,72.1,84.2,83.0,2,No,0,0,77.8,6.6,Low,Placed,Tech Mahindra,6.7,Fail
ENG2024187,Arjun Patil,CE,2,4,7.33,7.97,7.87,5.72,,,,,69.3,82.3,84.1,69.7,,,,2,No,1,0,76.4,7.22,Low,,,,Fail
ENG2024188,Tushar Patel,CST,3,6,5.58,5.0,4.58,5.41,4.52,4.73,,,56.5,50.2,66.2,62.8,59.6,56.1,,2,Yes,2,1,58.6,4.97,High,,,,Fail
ENG2024189,Priya Singh,DS,2,4,6.89,6.12,5.98,7.15,,,,,81.7,71.5,82.8,68.2,,,,0,No,1,0,76.0,6.54,Low,,,,Pass
ENG2024190,Tanvi Malhotra,CE,2,4,6.42,5.65,6.42,7.3,,,,,77.1,66.8,78.5,66.3,,,,1,Yes,1,2,72.2,6.45,Low,,,,Fail
ENG2024191,Bharat Roy,DS,2,4,7.67,4.92,6.17,6.01,,,,,79.4,65.1,75.2,67.8,,,,2,Yes,2,1,71.9,6.19,Low,,,,Fail
ENG2024192,Kunal Rao,CST,2,4,6.31,7.74,5.27,5.6,,,,,78.9,80.3,71.1,81.2,,,,0,Yes,3,2,77.9,6.23,Medium,,,,Pass
ENG2024193,Lakshmi Reddy,CST,1,2,6.23,6.19,,,,,,,79.4,68.5,,,,,,1,Yes,2,0,74.0,6.21,Low,,,,Fail
ENG2024194,Bharat Verma,ENC,2,4,7.99,8.22,8.33,9.73,,,,,95.0,90.4,91.6,88.3,,,,0,No,0,1,91.3,8.57,Low,,,,Pass
ENG2024195,Meera Kadam,CE,2,4,7.12,6.59,6.03,7.16,,,,,77.9,71.3,77.4,69.4,,,,1,Yes,1,1,74.0,6.72,Low,,,,Fail
ENG2024196,Bharat Rao,DS,3,6,6.55,6.51,6.3,6.68,4.37,8.13,,,70.1,80.4,80.0,76.8,62.4,80.1,,0,No,2,2,75.0,6.42,Low,,,,Pass
ENG2024197,Ritika Joshi,CE,3,6,4.63,3.54,3.44,3.74,3.0,3.0,,,61.7,48.5,48.8,37.3,43.9,49.1,,5,Yes,0,0,48.2,3.56,High,,,,Fail
ENG2024198,Gayatri Jadhav,DS,2,4,6.82,6.73,6.74,6.93,,,,,82.4,68.8,73.0,84.0,,,,0,No,1,0,77.0,6.8,Low,,,,Pass
ENG2024199,Anjali Shetty,CE,2,4,6.13,7.41,6.59,5.67,,,,,82.2,84.3,77.6,68.7,,,,0,Yes,2,1,78.2,6.45,Low,,,,Pass
ENG2024200,Parth Mishra,CST,3,6,5.31,5.97,4.08,4.22,4.34,3.24,,,68.8,56.3,72.4,64.3,64.5,72.3,,2,Yes,2,2,66.4,4.53,Medium,,,,Fail
ENG2024201,Harsha More,CE,4,7,5.8,6.32,6.9,7.3,6.29,5.17,5.71,,67.6,77.9,68.9,67.0,82.2,67.6,70.3,0,Yes,3,1,71.6,6.21,Low,Placed,Infosys,6.5,Pass
ENG2024202,Sara Pillai,AI,3,6,5.57,7.64,6.07,5.66,6.58,6.32,,,80.2,83.7,83.8,68.5,72.8,67.2,,2,Yes,1,0,76.0,6.31,Low,,,,Fail
ENG2024203,Parth Verma,CE,1,2,8.39,8.49,,,,,,,81.7,96.2,,,,,,0,Yes,3,0,89.0,8.44,Low,,,,Pass
ENG2024204,Nandini Shinde,CST,4,7,7.03,6.75,7.07,7.91,5.19,6.46,5.0,,73.3,68.3,84.7,81.4,74.2,69.9,73.4,0,No,1,1,75.0,6.49,Low,Not Placed,,,Pass
ENG2024205,Sneha Kulkarni,ENC,1,2,6.32,5.7,,,,,,,57.5,50.9,,,,,,3,Yes,1,0,54.2,6.01,Medium,,,,Fail
ENG2024206,Deepak Kulkarni,DS,2,4,5.12,3.61,5.08,4.21,,,,,69.1,53.6,50.2,50.5,,,,3,No,2,0,55.8,4.5,High,,,,Fail
ENG2024207,Suresh Pandey,AI,1,2,3.93,3.04,,,,,,,37.1,52.3,,,,,,5,No,0,0,44.7,3.49,High,,,,Fail
ENG2024208,Aman Chaudhary,ENC,2,4,4.35,5.18,5.61,5.0,,,,,61.6,56.1,72.9,58.4,,,,5,No,2,0,62.3,5.04,High,,,,Fail
ENG2024209,Sneha Verma,ENC,1,2,3.8,3.34,,,,,,,63.0,63.0,,,,,,3,No,0,1,63.0,3.57,High,,,,Fail
ENG2024210,Harsh Bhat,CE,3,6,9.35,9.02,9.32,8.63,9.32,9.4,,,85.1,87.4,84.2,80.4,86.2,75.8,,0,Yes,1,1,83.2,9.17,Low,,,,Pass
ENG2024211,Meera Bose,DS,4,7,7.23,6.7,6.99,5.08,5.62,5.35,6.63,,69.3,75.8,84.4,68.0,55.6,58.1,63.8,3,No,2,3,67.9,6.23,Medium,Placed,Cognizant,7.9,Fail
ENG2024212,Gayatri Das,ENC,3,6,6.74,6.19,7.51,6.17,5.45,6.8,,,77.2,66.7,77.9,80.3,72.8,69.4,,1,No,1,1,74.1,6.48,Medium,,,,Fail
ENG2024213,Ekta More,CST,3,6,3.96,3.17,5.13,3.0,3.0,3.0,,,57.9,59.1,46.6,47.5,49.9,51.6,,3,No,1,0,52.1,3.54,High,,,,Fail
ENG2024214,Shivam Salvi,AI,1,2,7.4,6.41,,,,,,,82.0,74.9,,,,,,1,Yes,3,2,78.4,6.9,Low,,,,Fail
ENG2024215,Alok Pandey,ENC,4,7,6.5,6.2,4.97,4.36,5.62,4.29,3.4,,56.9,68.3,51.9,66.6,83.4,72.5,60.4,2,No,1,1,65.7,5.05,Medium,Not Placed,,,Fail
ENG2024216,Harsh Jadhav,AI,1,2,3.0,3.78,,,,,,,38.8,40.4,,,,,,5,No,0,2,39.6,3.39,High,,,,Fail
ENG2024217,Waqar Mishra,AI,2,4,7.85,8.13,7.81,10.0,,,,,82.1,90.6,92.0,83.6,,,,0,No,2,1,87.1,8.45,Low,,,,Pass
ENG2024218,Rahul Patel,DS,3,6,5.2,4.12,5.04,6.04,3.44,3.0,,,53.4,70.9,53.9,57.5,54.3,64.8,,2,No,1,0,59.1,4.47,Medium,,,,Fail
ENG2024219,Ekta Sharma,CST,3,6,4.9,3.8,5.68,3.78,3.0,3.0,,,56.6,69.2,73.2,62.1,58.1,60.5,,2,No,2,1,63.3,4.03,Medium,,,,Fail
ENG2024220,Puja Chaudhary,CE,2,4,6.05,4.69,4.93,3.6,,,,,74.6,69.5,59.8,64.5,,,,5,No,1,0,67.1,4.82,High,,,,Fail
ENG2024221,Neha Pawar,AI,3,6,5.25,3.08,3.73,4.38,3.0,3.0,,,54.9,60.1,41.5,38.6,45.3,44.8,,6,No,2,1,47.5,3.74,High,,,,Fail
ENG2024222,Ekta Nair,CST,4,7,7.65,7.21,7.47,6.71,7.22,4.78,5.38,,66.7,71.1,79.9,84.3,73.4,61.7,58.0,2,Yes,2,0,70.7,6.63,Low,Pursuing Higher Studies,,,Fail
ENG2024223,Sneha Roy,CE,4,7,6.2,5.45,6.8,5.7,6.62,6.14,5.78,,66.6,68.9,84.0,73.2,81.3,79.1,70.7,1,No,3,1,74.8,6.1,Medium,Placed,HCL,6.9,Fail
ENG2024224,Shivam Kumar,CST,2,4,6.15,6.69,5.66,7.21,,,,,76.4,83.4,84.4,75.8,,,,1,Yes,2,0,80.0,6.43,Low,,,,Fail
ENG2024225,Sara Bhosale,ENC,3,6,7.1,6.2,6.05,6.87,6.97,5.14,,,82.8,79.7,75.2,84.8,85.3,65.5,,0,Yes,2,1,78.9,6.39,Medium,,,,Pass
ENG2024226,Shruti Shinde,AI,1,2,7.09,7.06,,,,,,,80.9,76.7,,,,,,3,Yes,2,0,78.8,7.07,Low,,,,Fail
ENG2024227,Sameer Malhotra,ENC,4,7,7.73,7.64,9.34,9.09,8.16,8.69,9.76,,96.9,95.9,89.3,93.9,93.8,100.0,99.5,0,Yes,1,0,95.6,8.63,Low,Not Placed,,,Pass
ENG2024228,Jatin Mishra,AI,1,2,6.45,6.7,,,,,,,84.9,73.6,,,,,,0,Yes,1,1,79.2,6.58,Low,,,,Pass
ENG2024229,Chetan Jadhav,CST,3,6,4.63,4.75,3.0,3.71,4.16,4.67,,,53.9,45.8,47.2,64.1,55.2,66.6,,3,No,1,1,55.5,4.15,High,,,,Fail
ENG2024230,Meera Roy,CE,1,2,4.72,4.49,,,,,,,63.1,74.1,,,,,,3,Yes,3,0,68.6,4.61,High,,,,Fail
ENG2024231,Vikram Patil,DS,4,7,5.09,3.77,4.47,3.45,3.22,3.76,3.0,,55.1,61.6,48.8,53.2,62.0,55.7,58.1,4,Yes,2,0,56.4,3.82,High,Pursuing Higher Studies,,,Fail
ENG2024232,Aman Malhotra,AI,3,6,9.05,7.92,7.25,8.4,8.99,9.07,,,82.1,91.8,86.1,93.5,82.3,75.6,,0,Yes,1,1,85.2,8.45,Low,,,,Pass
ENG2024233,Aarav Patil,AI,4,7,6.07,7.32,6.67,5.87,5.68,6.35,5.14,,83.4,76.6,75.7,76.9,76.1,83.1,67.1,0,Yes,2,0,77.0,6.16,Medium,Placed,Accenture,7.7,Pass
ENG2024234,Sakshi Tiwari,CE,4,7,4.42,4.01,5.05,4.49,5.03,5.35,3.36,,66.0,58.4,72.7,64.7,78.7,71.1,67.1,1,No,3,1,68.4,4.53,High,Pursuing Higher Studies,,,Fail
ENG2024235,Ekta Bose,CST,3,6,7.43,7.06,5.69,6.63,6.93,6.37,,,83.7,72.9,80.9,70.6,67.4,78.5,,1,Yes,0,2,75.7,6.68,Low,,,,Fail
ENG2024236,Alok Sawant,DS,3,6,6.51,6.43,6.54,5.63,6.43,7.59,,,78.2,72.1,81.2,70.9,68.5,64.9,,1,Yes,2,1,72.6,6.52,Low,,,,Fail
ENG2024237,Isha Naik,DS,4,7,5.98,5.64,5.08,5.8,6.53,7.44,5.56,,76.0,82.2,74.5,65.1,70.6,71.8,78.3,0,Yes,1,2,74.1,6.0,Low,Placed,Infosys,7.5,Pass
ENG2024238,Farida Tiwari,CE,1,2,6.03,6.11,,,,,,,68.7,75.0,,,,,,4,No,2,0,71.8,6.07,High,,,,Fail
ENG2024239,Omkar Shetty,DS,2,4,9.41,8.35,9.91,9.46,,,,,85.2,89.2,94.5,80.9,,,,0,Yes,1,0,87.4,9.28,Low,,,,Pass
ENG2024240,Manish Iyer,DS,1,2,6.76,7.14,,,,,,,81.1,82.0,,,,,,1,Yes,1,1,81.6,6.95,Low,,,,Fail
ENG2024241,Sakshi Pandey,AI,2,4,7.91,6.5,6.83,5.04,,,,,78.3,81.2,75.2,66.1,,,,1,Yes,2,2,75.2,6.57,Low,,,,Fail
ENG2024242,Charu Kadam,DS,4,7,3.99,6.02,5.78,4.2,4.14,4.7,5.31,,57.7,62.7,60.0,71.4,61.1,61.7,66.8,2,No,2,1,63.1,4.88,High,Not Placed,,,Fail
ENG2024243,Neha Shah,AI,2,4,4.07,5.16,3.0,3.0,,,,,37.5,53.6,45.2,60.7,,,,5,No,0,1,49.2,3.81,High,,,,Fail
ENG2024244,Ananya Patel,AI,2,4,6.69,6.79,6.22,7.57,,,,,82.9,81.1,65.1,71.4,,,,1,No,0,1,75.1,6.82,Low,,,,Fail
ENG2024245,Priya Shetty,AI,2,4,6.29,6.58,7.47,5.97,,,,,68.4,82.0,82.6,76.0,,,,1,No,3,2,77.2,6.58,Low,,,,Fail
ENG2024246,Bindu Nair,CST,2,4,9.51,7.8,9.6,8.96,,,,,82.5,84.1,95.9,80.4,,,,0,Yes,2,0,85.7,8.97,Low,,,,Pass
ENG2024247,Harsha Bhosale,ENC,3,6,6.39,4.65,4.59,4.21,4.07,4.86,,,70.7,69.3,51.0,54.9,46.6,56.0,,3,Yes,3,1,58.1,4.8,High,,,,Fail
ENG2024248,Yash Yadav,DS,1,2,4.8,5.39,,,,,,,72.4,60.1,,,,,,3,No,3,0,66.2,5.1,High,,,,Fail
ENG2024249,Aman Rao,CST,4,7,4.86,4.51,4.37,4.1,3.24,5.06,6.3,,65.1,62.3,51.0,74.6,63.0,60.9,79.4,2,No,2,0,65.2,4.63,High,Not Placed,,,Fail
ENG2024250,Kiran Sharma,CE,4,7,6.7,6.47,6.48,4.77,7.02,6.17,6.14,,83.2,83.9,75.4,78.5,70.8,75.3,68.1,2,No,0,1,76.5,6.25,Medium,Placed,Tech Mahindra,5.1,Fail
ENG2024251,Gayatri Salvi,CE,3,6,8.39,9.32,8.68,8.9,8.21,8.52,,,86.4,90.7,95.0,80.8,86.0,79.5,,0,Yes,0,0,86.4,8.67,Low,,,,Pass
ENG2024252,Parth Reddy,AI,2,4,7.64,9.44,8.25,9.42,,,,,96.3,82.2,89.6,95.8,,,,0,Yes,0,0,91.0,8.69,Low,,,,Pass
ENG2024253,Puja Gawde,CST,4,7,4.7,4.31,3.93,3.0,3.0,3.0,3.4,,50.3,44.6,56.9,43.6,41.8,46.0,42.2,6,No,2,0,46.5,3.62,High,Pursuing Higher Studies,,,Fail
ENG2024254,Bhavna Malhotra,CST,4,7,6.2,6.29,5.52,5.22,6.7,6.79,5.85,,81.3,75.8,67.6,80.3,87.5,81.7,63.5,3,Yes,2,0,76.8,6.08,Medium,Pursuing Higher Studies,,,Fail
ENG2024255,Priya Kumar,CE,3,6,6.95,7.65,5.35,5.05,6.2,6.74,,,76.4,71.9,76.2,66.5,64.3,73.7,,2,Yes,2,0,71.5,6.32,Low,,,,Fail
ENG2024256,Harsha Gupta,DS,3,6,7.55,5.92,6.08,7.64,5.89,4.35,,,70.1,68.8,78.4,65.0,65.5,67.0,,2,No,2,1,69.1,6.24,Medium,,,,Fail
ENG2024257,Uma Das,DS,1,2,8.22,8.29,,,,,,,97.9,91.9,,,,,,0,Yes,2,2,94.9,8.25,Low,,,,Pass
ENG2024258,Shivam Naik,ENC,2,4,4.84,3.0,4.4,3.0,,,,,47.9,43.2,61.6,36.2,,,,7,Yes,0,1,47.2,3.81,High,,,,Fail
ENG2024259,Bindu Pandey,CST,2,4,4.46,5.47,4.89,3.84,,,,,70.3,68.6,66.5,55.9,,,,1,No,2,0,65.3,4.66,High,,,,Fail
ENG2024260,Girish Joshi,ENC,2,4,7.45,8.89,9.21,7.96,,,,,92.7,96.9,85.9,80.8,,,,0,Yes,1,2,89.1,8.38,Low,,,,Pass
ENG2024261,Jayesh Naik,CST,3,6,3.63,5.5,4.14,4.29,4.56,3.37,,,56.3,67.1,67.1,62.5,67.1,52.4,,4,Yes,2,1,62.1,4.25,High,,,,Fail
ENG2024262,Ravi Rao,CST,4,7,6.03,5.11,5.26,7.52,6.39,5.5,6.09,,81.5,74.7,75.9,71.1,64.2,55.9,74.0,0,No,1,2,71.0,5.99,Low,Placed,Accenture,5.6,Pass
ENG2024263,Rohan Dubey,CE,1,2,6.73,5.07,,,,,,,65.5,82.9,,,,,,0,No,1,1,74.2,5.9,Low,,,,Pass
ENG2024264,Lalit Rao,CST,3,6,7.12,5.27,6.31,7.51,5.6,6.17,,,72.4,72.5,72.7,81.7,75.6,81.7,,1,Yes,1,2,76.1,6.33,Low,,,,Fail
ENG2024265,Rohan Naik,CE,1,2,7.0,4.84,,,,,,,66.1,79.5,,,,,,0,Yes,1,2,72.8,5.92,Low,,,,Pass
ENG2024266,Deepika Desai,DS,4,7,4.83,3.0,3.94,4.19,3.29,3.0,3.0,,63.8,58.1,49.6,45.1,58.0,56.4,57.8,5,No,1,0,55.5,3.61,High,Not Placed,,,Fail
ENG2024267,Sneha Sawant,ENC,3,6,6.24,6.47,5.28,7.0,6.01,5.47,,,84.8,68.3,65.9,80.6,64.6,61.1,,0,Yes,3,3,70.9,6.08,Low,,,,Pass
ENG2024268,Sunita Iyer,ENC,4,7,5.82,6.7,5.61,5.26,6.25,5.98,6.29,,73.2,69.5,83.7,74.8,74.5,82.3,76.5,1,Yes,2,2,76.4,5.99,Low,Not Placed,,,Fail
ENG2024269,Kavya Shah,AI,2,4,5.16,5.72,4.13,5.67,,,,,58.0,66.8,54.7,65.6,,,,2,No,1,0,61.3,5.17,Medium,,,,Fail
ENG2024270,Pooja Jadhav,DS,3,6,8.86,7.62,8.21,7.94,8.52,10.0,,,96.6,81.9,82.3,90.0,89.9,94.2,,0,Yes,0,1,89.2,8.52,Low,,,,Pass
ENG2024271,Deepak Bhosale,CST,3,6,5.58,5.48,7.45,6.9,6.23,6.11,,,70.5,77.9,78.9,82.4,81.8,83.6,,0,Yes,2,2,79.2,6.29,Medium,,,,Pass
ENG2024272,Bharat Kadam,DS,3,6,4.09,3.0,3.43,3.0,3.6,4.16,,,38.8,48.9,60.3,61.9,50.1,55.2,,4,No,0,0,52.5,3.55,High,,,,Fail
ENG2024273,Sunita Gawde,CE,1,2,9.1,7.63,,,,,,,84.3,88.1,,,,,,0,Yes,1,3,86.2,8.36,Low,,,,Pass
ENG2024274,Chetan Mehta,AI,1,2,5.91,5.5,,,,,,,79.2,74.3,,,,,,2,Yes,2,1,76.8,5.7,Medium,,,,Fail
ENG2024275,Nikhil Bhosale,AI,4,7,8.41,9.06,8.83,8.28,8.29,8.43,9.14,,91.0,81.6,87.0,92.8,80.1,96.8,95.3,0,Yes,1,1,89.2,8.63,Low,Placed,Tech Mahindra,11.1,Pass
ENG2024276,Yash Bose,AI,2,4,6.02,6.28,6.13,6.47,,,,,71.8,83.5,65.5,76.6,,,,1,No,2,2,74.4,6.22,Medium,,,,Fail
ENG2024277,Akash Kapoor,CST,4,7,4.47,5.35,5.44,3.99,4.8,4.71,4.52,,51.8,65.8,73.8,63.5,66.5,75.5,60.2,4,No,3,2,65.3,4.75,High,Not Placed,,,Fail
ENG2024278,Vidya Shetty,ENC,1,2,8.96,8.63,,,,,,,95.6,90.2,,,,,,0,No,3,1,92.9,8.8,Low,,,,Pass
ENG2024279,Aarav More,DS,1,2,3.32,3.43,,,,,,,52.1,47.2,,,,,,5,Yes,1,0,49.7,3.38,High,,,,Fail
ENG2024280,Sanket Jadhav,CST,3,6,6.93,5.21,5.84,6.86,6.89,5.71,,,81.5,69.2,72.9,71.3,75.9,70.3,,1,No,3,1,73.5,6.24,Low,,,,Fail
ENG2024281,Chetan Chaudhary,ENC,4,7,3.23,4.42,3.0,3.24,4.04,4.07,3.87,,38.2,48.1,64.2,36.1,49.7,60.6,74.4,4,No,1,0,53.0,3.7,High,Pursuing Higher Studies,,,Fail
ENG2024282,Sunita Das,CST,4,7,5.19,4.93,4.59,4.31,5.24,4.94,5.47,,66.7,70.8,53.8,51.0,61.3,66.8,67.8,4,No,1,0,62.6,4.95,High,Not Placed,,,Fail
ENG2024283,Parth Yadav,CST,3,6,6.06,3.37,5.67,4.59,4.8,3.93,,,71.0,57.4,66.5,53.4,54.1,64.7,,3,Yes,2,0,61.2,4.74,High,,,,Fail
ENG2024284,Parth Kulkarni,CE,2,4,7.44,6.18,6.12,6.39,,,,,81.8,74.0,77.7,69.4,,,,1,Yes,2,1,75.7,6.53,Low,,,,Fail
ENG2024285,Ekta Yadav,AI,2,4,8.74,7.64,9.54,8.63,,,,,95.7,95.3,94.0,84.8,,,,0,Yes,0,1,92.4,8.64,Low,,,,Pass
ENG2024286,Ananya Jadhav,CST,3,6,6.01,6.28,6.43,6.6,6.28,5.67,,,76.4,73.7,73.3,79.7,77.1,66.0,,1,Yes,1,1,74.4,6.21,Medium,,,,Fail
ENG2024287,Soham Shinde,ENC,4,7,3.92,3.78,3.51,3.0,3.0,3.12,3.0,,46.6,63.6,62.3,63.9,58.8,59.5,55.6,5,No,1,1,58.6,3.33,High,Not Placed,,,Fail
ENG2024288,Manish Gawde,DS,3,6,6.29,5.14,6.34,6.57,6.96,6.23,,,84.3,75.8,70.8,67.4,67.9,77.0,,2,Yes,2,3,73.9,6.26,Low,,,,Fail
ENG2024289,Jatin Roy,CST,2,4,4.51,5.22,5.97,4.87,,,,,68.0,73.4,52.3,50.5,,,,4,No,4,1,61.0,5.14,High,,,,Fail
ENG2024290,Rekha Verma,CST,2,4,5.34,3.79,5.78,3.9,,,,,53.0,55.8,58.8,68.9,,,,3,No,2,1,59.1,4.7,High,,,,Fail
ENG2024291,Zara Bose,CE,4,7,6.47,5.13,5.79,5.44,5.38,6.14,6.27,,72.0,76.0,72.2,67.5,79.1,63.4,73.0,1,Yes,1,1,71.9,5.8,Low,Placed,Capgemini,3.9,Fail
ENG2024292,Vikram Verma,ENC,3,6,5.63,4.1,4.77,5.79,6.84,4.81,,,65.3,69.8,52.1,54.6,69.4,58.1,,4,No,3,0,61.6,5.32,High,,,,Fail
ENG2024293,Divya Salvi,AI,3,6,3.81,6.06,3.64,3.26,3.99,4.58,,,66.8,72.4,61.2,60.9,51.3,43.6,,4,No,2,1,59.4,4.22,High,,,,Fail
ENG2024294,Kavya Gawde,AI,3,6,9.56,7.45,7.49,8.15,7.12,9.53,,,93.4,95.4,88.9,82.4,84.1,87.4,,0,No,0,2,88.6,8.22,Low,,,,Pass
ENG2024295,Mihir Mehta,DS,3,6,5.96,5.11,4.98,4.59,5.58,3.44,,,66.2,70.8,51.2,71.3,63.0,62.7,,3,No,1,0,64.2,4.94,High,,,,Fail
ENG2024296,Ravi Jadhav,ENC,3,6,5.13,5.62,3.57,3.6,3.0,3.0,,,44.7,52.6,37.0,59.9,60.2,65.0,,5,No,1,0,53.2,3.99,High,,,,Fail
ENG2024297,Shruti Tiwari,DS,4,7,4.56,3.08,4.46,3.88,4.36,3.0,3.72,,63.7,61.6,44.5,40.0,58.5,55.0,58.6,6,No,1,1,54.6,3.87,High,Not Placed,,,Fail
ENG2024298,Harsha Sawant,CST,2,4,9.69,7.48,9.83,8.14,,,,,87.5,84.9,83.7,91.8,,,,0,No,2,2,87.0,8.78,Low,,,,Pass
ENG2024299,Soham Jadhav,CST,2,4,4.41,4.89,4.31,4.28,,,,,54.2,63.6,38.0,44.3,,,,5,Yes,0,0,50.0,4.47,High,,,,Fail
ENG2024300,Rohan Bhosale,DS,3,6,5.76,3.76,4.47,3.11,6.39,3.29,,,50.6,71.7,63.9,65.2,64.2,68.7,,5,No,2,1,64.0,4.46,High,,,,Fail
ENG2024301,Rahul Iyer,ENC,4,7,5.8,6.6,7.4,5.96,5.03,5.85,6.71,,83.2,65.4,76.1,80.7,77.9,64.3,71.7,1,No,3,1,74.2,6.19,Low,Placed,Cognizant,4.1,Fail
ENG2024302,Jayesh Verma,DS,3,6,7.0,5.97,6.05,6.27,7.26,5.62,,,71.3,69.0,84.1,73.9,79.2,62.0,,0,No,4,0,73.2,6.36,Low,,,,Pass
ENG2024303,Sunita Mehta,CST,2,4,8.09,8.62,10.0,8.85,,,,,87.3,96.3,93.3,89.8,,,,0,No,2,1,91.7,8.89,Low,,,,Pass
ENG2024304,Suresh Pillai,AI,4,7,4.03,3.0,3.33,3.81,3.56,4.02,4.36,,45.4,42.8,47.9,49.0,57.5,57.3,53.6,4,Yes,1,2,50.5,3.73,High,Pursuing Higher Studies,,,Fail
ENG2024305,Deepak Patel,DS,3,6,5.65,4.73,4.17,3.85,3.75,4.95,,,55.1,53.9,72.0,60.8,70.5,69.3,,2,No,2,0,63.6,4.52,High,,,,Fail
ENG2024306,Ananya Rao,CST,2,4,3.09,4.16,4.07,4.74,,,,,75.0,74.7,72.0,59.9,,,,3,No,2,0,70.4,4.02,High,,,,Fail
ENG2024307,Neha Verma,CST,2,4,4.3,5.15,5.02,5.94,,,,,56.6,62.6,68.6,62.6,,,,1,No,3,0,62.6,5.1,Medium,,,,Fail
ENG2024308,Charu Shah,DS,3,6,3.64,4.84,5.9,6.77,4.52,3.6,,,74.4,57.0,62.0,61.2,59.5,56.8,,1,No,1,0,61.8,4.88,High,,,,Fail
ENG2024309,Pranav Gupta,CE,1,2,6.77,5.45,,,,,,,68.9,70.0,,,,,,0,Yes,3,0,69.4,6.11,Medium,,,,Pass
ENG2024310,Jayesh Kumar,CST,3,6,8.65,9.37,7.99,7.86,8.75,9.13,,,86.1,82.6,95.4,85.6,82.1,73.4,,0,Yes,2,1,84.2,8.62,Low,,,,Pass
ENG2024311,Vikram Tiwari,CST,1,2,7.16,5.46,,,,,,,68.2,80.3,,,,,,1,No,2,2,74.2,6.31,Low,,,,Fail
ENG2024312,Isha Bhat,CST,3,6,8.94,7.05,8.32,8.47,8.66,8.01,,,89.6,95.2,90.5,81.1,78.9,80.8,,0,No,2,1,86.0,8.24,Low,,,,Pass
ENG2024313,Varun Joshi,ENC,4,7,8.41,8.37,8.28,9.18,7.51,9.57,9.82,,80.2,92.5,87.5,90.2,79.4,78.7,90.8,0,Yes,1,2,85.6,8.73,Low,Placed,Infosys,5.6,Pass
ENG2024314,Alok Das,CST,2,4,5.75,6.21,6.61,5.56,,,,,81.6,84.6,74.9,65.2,,,,0,No,0,3,76.6,6.03,Low,,,,Pass
ENG2024315,Harsh Joshi,CST,2,4,8.4,7.84,8.68,8.55,,,,,95.1,91.8,89.0,93.0,,,,0,Yes,3,1,92.2,8.37,Low,,,,Pass
ENG2024316,Sara Singh,CE,2,4,8.71,9.39,8.54,9.23,,,,,95.6,94.1,96.8,84.4,,,,0,Yes,0,1,92.7,8.97,Low,,,,Pass
ENG2024317,Xenia Verma,DS,1,2,5.65,6.94,,,,,,,84.1,80.5,,,,,,2,Yes,1,1,82.3,6.3,Medium,,,,Fail
ENG2024318,Sara Kapoor,CST,3,6,5.01,7.11,6.63,6.24,6.0,5.48,,,74.5,70.9,75.3,68.3,69.0,72.3,,3,Yes,4,1,71.7,6.08,Low,,,,Fail
ENG2024319,Vidya Shinde,AI,4,7,7.1,6.82,6.52,7.25,5.94,5.27,4.88,,65.4,75.4,72.8,76.5,75.2,72.4,79.6,2,Yes,4,0,73.9,6.25,Low,Placed,Infosys,5.4,Fail
ENG2024320,Neha Nair,AI,3,6,5.99,7.3,6.54,7.17,6.47,6.39,,,82.2,70.3,75.3,67.1,72.4,66.6,,1,Yes,3,1,72.3,6.64,Low,,,,Fail
ENG2024321,Yogesh Rao,AI,2,4,6.52,6.72,6.75,6.44,,,,,79.0,75.3,82.4,70.8,,,,0,Yes,2,1,76.9,6.61,Low,,,,Pass
ENG2024322,Gayatri Patil,CE,3,6,7.79,9.12,8.77,9.14,10.0,10.0,,,96.1,87.1,97.3,87.5,97.7,93.6,,0,Yes,4,0,93.2,9.14,Low,,,,Pass
ENG2024323,Zainab Kumar,AI,3,6,6.58,6.69,6.45,4.63,6.17,7.53,,,81.4,77.8,71.2,78.1,74.6,70.9,,0,No,2,0,75.7,6.34,Low,,,,Pass
ENG2024324,Vikram Patel,AI,2,4,4.61,3.0,3.69,3.0,,,,,58.9,51.9,35.2,47.9,,,,5,No,1,1,48.5,3.58,High,,,,Fail
ENG2024325,Suresh Chaudhary,DS,2,4,7.31,6.35,6.42,5.17,,,,,82.5,67.5,82.5,75.2,,,,1,No,4,1,76.9,6.31,Low,,,,Fail
ENG2024326,Dhruv Pawar,DS,4,7,8.26,8.54,9.27,9.36,9.45,9.32,7.47,,81.8,88.9,92.4,86.0,99.1,94.7,95.3,0,Yes,3,1,91.2,8.81,Low,Placed,Cognizant,10.3,Pass
ENG2024327,Deepak Pandey,CST,2,4,9.05,7.88,8.2,8.62,,,,,91.4,94.6,80.8,85.3,,,,0,No,1,1,88.0,8.44,Low,,,,Pass
ENG2024328,Soham Sharma,CST,1,2,6.38,6.33,,,,,,,73.4,71.0,,,,,,3,No,2,1,72.2,6.36,High,,,,Fail
ENG2024329,Chetan Yadav,ENC,3,6,6.63,6.46,6.46,6.18,6.0,5.75,,,67.0,81.1,72.4,78.0,72.2,76.6,,2,Yes,2,1,74.6,6.25,Medium,,,,Fail
ENG2024330,Tushar Gawde,CST,4,7,4.11,5.58,3.59,5.41,4.55,3.99,5.28,,60.2,64.0,55.7,70.6,83.1,62.7,74.8,2,No,2,0,67.3,4.64,High,Pursuing Higher Studies,,,Fail
ENG2024331,Kunal Salvi,AI,3,6,4.33,4.88,5.73,4.99,4.9,4.45,,,63.4,71.9,72.8,56.6,64.4,65.5,,3,No,4,2,65.8,4.88,High,,,,Fail
ENG2024332,Meera Dubey,CST,3,6,7.34,5.31,6.48,5.25,5.33,5.93,,,77.8,80.4,67.8,81.7,67.6,65.5,,0,No,2,3,73.5,5.94,Low,,,,Pass
ENG2024333,Ritika Roy,AI,2,4,4.98,5.27,4.46,4.75,,,,,61.9,51.1,74.3,67.9,,,,2,No,2,1,63.8,4.86,High,,,,Fail
ENG2024334,Rekha Shetty,CE,2,4,8.59,8.57,8.32,8.62,,,,,85.1,95.0,85.7,93.1,,,,0,No,2,1,89.7,8.52,Low,,,,Pass
ENG2024335,Isha Salvi,DS,2,4,8.0,9.09,7.62,7.55,,,,,86.3,83.2,91.6,88.4,,,,0,Yes,4,0,87.4,8.06,Low,,,,Pass
ENG2024336,Yogesh Kulkarni,CST,4,7,4.3,3.0,3.0,3.0,3.0,3.0,4.15,,43.5,45.9,48.9,64.4,50.2,45.6,49.4,4,No,1,2,49.7,3.35,High,Not Placed,,,Fail
ENG2024337,Shruti Rao,CST,1,2,5.38,5.2,,,,,,,51.1,59.8,,,,,,2,No,3,0,55.4,5.29,Medium,,,,Fail
ENG2024338,Farhan Kulkarni,DS,3,6,5.61,5.26,5.36,4.8,6.01,3.42,,,51.5,51.3,59.5,58.4,68.2,59.6,,4,No,0,0,58.1,5.08,Medium,,,,Fail
ENG2024339,Girish Rao,CE,2,4,7.84,8.44,9.14,8.43,,,,,96.5,81.2,81.0,83.4,,,,0,Yes,3,0,85.5,8.46,Low,,,,Pass
ENG2024340,Isha Kapoor,AI,4,7,5.27,4.97,4.52,6.4,3.7,4.66,3.86,,67.4,52.6,66.6,57.2,54.9,52.0,48.2,1,Yes,0,0,57.0,4.77,High,Pursuing Higher Studies,,,Fail
ENG2024341,Bindu Jadhav,CST,3,6,8.36,8.96,10.0,9.84,10.0,8.06,,,90.8,82.1,81.0,87.4,96.9,86.1,,0,No,2,2,87.4,9.2,Low,,,,Pass
ENG2024342,Manas Sawant,CST,2,4,7.49,6.18,6.27,6.05,,,,,72.7,81.7,84.3,73.8,,,,0,Yes,2,1,78.1,6.5,Medium,,,,Pass
ENG2024343,Mihir Yadav,ENC,4,7,4.17,5.03,4.48,5.28,3.66,3.52,5.03,,68.4,53.5,74.2,70.5,65.3,51.6,57.7,2,No,1,0,63.0,4.45,High,Pursuing Higher Studies,,,Fail
ENG2024344,Pallavi More,CE,4,7,6.49,7.38,6.42,6.5,7.31,6.69,7.25,,66.4,77.8,83.8,65.0,72.2,86.5,82.5,2,Yes,3,1,76.3,6.86,Low,Pursuing Higher Studies,,,Fail
ENG2024345,Ravi Kadam,CE,3,6,4.4,4.97,3.65,4.31,3.0,5.23,,,64.6,51.0,62.2,67.8,53.2,60.2,,4,Yes,1,0,59.8,4.26,High,,,,Fail
ENG2024346,Rohan Das,AI,2,4,8.88,9.02,9.11,10.0,,,,,88.3,86.6,86.4,91.5,,,,0,Yes,1,1,88.2,9.25,Low,,,,Pass
ENG2024347,Rohan Malhotra,ENC,3,6,5.99,6.0,5.76,5.5,5.11,5.03,,,74.3,51.4,64.3,71.6,58.0,56.9,,3,No,2,0,62.8,5.56,High,,,,Fail
ENG2024348,Aditya Dubey,CE,2,4,6.94,6.88,6.15,5.6,,,,,70.2,74.9,73.4,80.6,,,,2,Yes,3,1,74.8,6.39,Low,,,,Fail
ENG2024349,Nandini Iyer,DS,1,2,6.3,3.93,,,,,,,70.3,68.0,,,,,,4,No,3,1,69.2,5.12,High,,,,Fail
ENG2024350,Pranav Bhosale,CST,1,2,5.84,7.36,,,,,,,66.9,77.1,,,,,,1,Yes,1,0,72.0,6.6,Low,,,,Fail
ENG2024351,Lalit Malhotra,DS,2,4,5.42,7.07,7.27,5.97,,,,,80.7,77.4,66.7,81.5,,,,1,No,3,0,76.6,6.43,Medium,,,,Fail
ENG2024352,Pranav Shetty,CE,1,2,4.13,5.24,,,,,,,48.3,44.6,,,,,,6,Yes,1,2,46.4,4.69,High,,,,Fail
ENG2024353,Lalit Naik,ENC,3,6,6.28,6.42,6.03,6.29,6.64,7.69,,,71.2,83.2,82.4,76.2,72.4,78.7,,0,No,3,1,77.4,6.56,Low,,,,Pass
ENG2024354,Akash Iyer,DS,3,6,4.24,4.52,3.52,4.68,4.13,3.0,,,49.7,36.0,53.7,47.5,59.1,54.0,,5,No,2,1,50.0,4.01,High,,,,Fail
ENG2024355,Sameer Pillai,CST,4,7,9.4,10.0,8.45,9.55,9.61,8.3,9.18,,84.2,80.0,93.6,97.7,96.9,89.1,97.2,0,Yes,4,1,91.2,9.21,Low,Placed,HCL,14.9,Pass
ENG2024356,Sara Bose,ENC,2,4,5.39,6.69,7.01,6.83,,,,,70.5,69.1,73.8,66.1,,,,3,Yes,2,2,69.9,6.48,Medium,,,,Fail
ENG2024357,Varun Shetty,AI,2,4,8.74,7.9,9.03,8.13,,,,,84.8,89.6,90.9,88.8,,,,0,No,1,1,88.5,8.45,Low,,,,Pass
ENG2024358,Tarun Dubey,CE,2,4,5.31,5.5,6.35,6.14,,,,,81.4,74.9,81.9,77.0,,,,1,Yes,1,1,78.8,5.82,Low,,,,Fail
ENG2024359,Suresh Salvi,CST,1,2,8.72,8.81,,,,,,,87.2,91.2,,,,,,0,Yes,2,2,89.2,8.76,Low,,,,Pass
ENG2024360,Tarun Kadam,DS,2,4,5.21,5.97,6.91,7.28,,,,,67.5,73.4,71.9,75.0,,,,1,Yes,1,1,72.0,6.34,Low,,,,Fail
ENG2024361,Tanvi Gawde,CE,4,7,6.28,5.64,5.93,4.78,5.63,5.69,6.83,,77.0,69.2,82.0,73.5,62.4,69.8,62.1,3,Yes,2,2,70.9,5.83,Low,Placed,Tech Mahindra,7.3,Fail
ENG2024362,Ritika Patil,AI,4,7,5.0,3.26,3.07,4.66,4.42,3.0,3.0,,64.1,37.5,45.4,47.6,55.7,58.1,64.2,3,No,0,0,53.2,3.77,High,Not Placed,,,Fail
ENG2024363,Rahul Pillai,CE,4,7,9.47,7.63,9.06,9.09,10.0,8.08,8.62,,81.6,96.6,88.6,91.2,96.5,86.1,85.8,0,No,2,1,89.5,8.85,Low,Placed,TCS,5.5,Pass
ENG2024364,Ishaan Mishra,CST,2,4,8.67,8.69,8.69,9.54,,,,,96.3,84.2,96.3,85.6,,,,1,Yes,0,2,90.6,8.9,Low,,,,Fail
ENG2024365,Rekha Reddy,CE,3,6,8.82,9.47,9.09,8.55,8.89,7.42,,,93.3,97.4,88.2,94.9,86.0,78.8,,1,Yes,1,0,89.8,8.71,Low,,,,Fail
ENG2024366,Nandini Tiwari,ENC,3,6,3.78,4.38,4.4,6.1,5.4,4.04,,,74.9,62.3,54.5,62.8,65.9,59.7,,4,No,3,1,63.4,4.68,High,,,,Fail
ENG2024367,Kajal Kulkarni,DS,4,7,8.04,9.6,9.28,8.76,8.77,7.63,8.93,,84.8,90.6,91.0,82.8,86.2,68.4,77.2,0,Yes,1,0,83.0,8.72,Low,Placed,Infosys,6.2,Pass
ENG2024368,Yogesh Dubey,AI,3,6,6.29,5.96,7.12,7.4,7.26,5.87,,,81.5,83.6,77.5,71.9,68.2,59.2,,0,No,2,3,73.6,6.65,Low,,,,Pass
ENG2024369,Zainab Desai,DS,3,6,4.95,3.49,3.41,5.31,3.0,3.39,,,52.2,60.6,59.2,39.0,48.0,60.0,,6,No,0,0,53.2,3.92,High,,,,Fail
ENG2024370,Gaurav Mishra,DS,3,6,4.53,4.02,5.83,5.39,5.78,4.37,,,51.6,63.3,51.6,69.2,72.8,76.5,,4,Yes,2,0,64.2,4.99,High,,,,Fail
ENG2024371,Tushar Reddy,CST,3,6,7.09,6.6,7.03,6.17,6.94,5.57,,,66.8,76.3,74.6,67.1,79.3,71.3,,1,Yes,3,3,72.6,6.57,Low,,,,Fail
ENG2024372,Sanket Sharma,AI,3,6,5.31,6.47,4.83,5.18,7.17,6.13,,,71.2,70.0,71.9,74.2,83.2,80.4,,0,No,2,2,75.1,5.85,Low,,,,Pass
ENG2024373,Rekha Gupta,DS,2,4,3.38,3.11,4.13,3.16,,,,,60.8,56.0,51.4,53.3,,,,3,No,0,0,55.4,3.44,High,,,,Fail
ENG2024374,Rohan Patel,CE,2,4,4.2,3.59,3.73,4.84,,,,,49.9,35.2,38.3,52.2,,,,3,No,0,1,43.9,4.09,High,,,,Fail
ENG2024375,Sameer Gupta,CST,3,6,6.43,6.87,7.23,6.57,6.84,7.53,,,76.4,72.6,83.7,73.6,65.9,75.9,,1,Yes,2,1,74.7,6.91,Low,,,,Fail
ENG2024376,Lalit Singh,AI,3,6,4.92,4.72,4.38,5.83,5.85,4.29,,,57.7,74.8,51.0,53.2,56.1,78.0,,2,Yes,3,0,61.8,5.0,High,,,,Fail
ENG2024377,Aditya Kapoor,AI,2,4,8.87,9.15,8.01,9.75,,,,,80.7,85.1,83.5,80.2,,,,0,Yes,1,1,82.4,8.94,Low,,,,Pass
ENG2024378,Sakshi Shetty,CE,4,7,9.03,7.82,8.19,9.19,8.43,8.58,8.04,,89.3,84.7,93.0,85.8,89.3,95.4,82.4,0,No,0,0,88.6,8.47,Low,Placed,TCS,6.6,Pass
ENG2024379,Kajal Naik,DS,4,7,4.54,5.1,5.05,5.71,3.86,3.49,4.38,,65.8,55.8,72.4,71.6,66.8,59.1,48.9,3,No,2,1,62.9,4.59,High,Not Placed,,,Fail
ENG2024380,Soham Reddy,CE,2,4,7.16,5.67,6.69,6.54,,,,,77.9,80.2,67.4,81.7,,,,2,Yes,3,2,76.8,6.52,Low,,,,Fail
ENG2024381,Bhavna Bhat,ENC,1,2,3.03,5.11,,,,,,,50.7,41.9,,,,,,3,No,0,0,46.3,4.07,High,,,,Fail
ENG2024382,Kajal Kumar,CST,3,6,7.24,6.35,5.57,7.87,6.74,4.78,,,80.3,75.2,76.1,73.2,77.7,63.2,,1,No,2,2,74.3,6.43,Low,,,,Fail
ENG2024383,Deepak Shinde,CST,4,7,6.43,6.75,5.63,7.04,5.34,6.54,6.77,,68.1,66.3,69.3,67.6,91.9,71.6,79.1,0,Yes,2,2,73.4,6.36,Low,Not Placed,,,Pass
ENG2024384,Lalit Nair,AI,4,7,7.42,9.29,7.91,8.18,8.36,8.43,7.58,,85.3,90.5,87.6,97.4,94.7,91.3,85.9,0,Yes,3,1,90.4,8.17,Low,Placed,HCL,8.5,Pass
ENG2024385,Waqar Mehta,DS,4,7,4.4,3.46,3.23,3.51,4.37,3.15,3.0,,47.3,39.8,62.7,35.1,56.2,49.1,41.9,6,Yes,0,1,47.4,3.59,High,Pursuing Higher Studies,,,Fail
ENG2024386,Kunal Shah,ENC,2,4,6.65,5.94,5.47,5.92,,,,,80.1,75.4,82.8,76.8,,,,3,Yes,2,0,78.8,5.99,Medium,,,,Fail
ENG2024387,Divya Rao,DS,3,6,4.61,4.11,3.86,3.21,3.41,3.0,,,59.0,63.4,53.3,42.6,55.0,43.7,,7,No,1,1,52.8,3.7,High,,,,Fail
ENG2024388,Ishaan Malhotra,CST,4,7,5.89,6.98,7.0,5.03,5.14,5.25,5.27,,69.4,66.6,71.0,69.5,71.2,64.0,56.6,1,Yes,4,1,66.9,5.79,Medium,Placed,Accenture,6.0,Fail
ENG2024389,Chetan Das,AI,2,4,7.13,8.5,9.06,9.78,,,,,88.5,83.8,89.7,97.2,,,,0,No,4,0,89.8,8.62,Low,,,,Pass
ENG2024390,Zainab Roy,CE,4,7,5.48,7.88,5.79,8.08,6.59,5.58,6.74,,73.2,82.3,79.8,84.0,76.6,64.7,68.3,3,No,1,2,75.6,6.59,Low,Placed,HCL,7.7,Fail
ENG2024391,Parth Dubey,CST,4,7,9.16,8.03,9.18,9.01,8.42,8.83,8.34,,83.8,88.7,81.5,95.2,95.1,100.0,100.0,0,Yes,2,3,92.0,8.71,Low,Placed,HCL,7.8,Pass
ENG2024392,Vidya Naik,CST,2,4,8.38,7.78,9.87,8.03,,,,,91.2,83.4,90.2,93.3,,,,0,No,2,2,89.5,8.52,Low,,,,Pass
ENG2024393,Farida Patil,AI,4,7,4.6,3.0,3.35,3.62,3.0,4.24,3.0,,43.0,48.2,58.9,53.3,47.1,59.5,53.2,3,No,0,0,51.9,3.54,High,Not Placed,,,Fail
ENG2024394,Yogesh Salvi,ENC,3,6,8.62,8.17,9.11,8.55,9.24,7.82,,,86.1,84.5,90.7,83.7,86.4,84.1,,0,Yes,3,1,85.9,8.59,Low,,,,Pass
ENG2024395,Charu Mehta,CST,3,6,8.16,8.4,8.15,8.97,9.49,8.54,,,90.0,93.2,80.8,80.2,84.1,95.2,,0,No,1,1,87.2,8.62,Low,,,,Pass
ENG2024396,Bindu Singh,AI,3,6,6.42,7.55,5.79,6.25,6.09,7.1,,,80.3,66.4,81.5,70.2,71.2,75.2,,1,Yes,1,1,74.1,6.53,Low,,,,Fail
ENG2024397,Nikhil Tiwari,CE,2,4,3.86,3.0,5.44,3.0,,,,,35.1,43.2,52.9,59.0,,,,3,No,2,1,47.6,3.82,High,,,,Fail
ENG2024398,Ravi Iyer,CST,2,4,8.31,8.74,7.79,8.01,,,,,84.9,83.4,95.9,92.7,,,,0,No,2,0,89.2,8.21,Low,,,,Pass
ENG2024399,Lakshmi Rao,CE,3,6,9.27,8.26,8.83,8.19,8.67,9.74,,,90.6,83.5,90.5,89.1,100.0,91.4,,0,No,0,0,90.9,8.83,Low,,,,Pass
ENG2024400,Meera Malhotra,CST,3,6,6.49,5.98,5.87,6.29,6.33,6.18,,,82.7,73.5,71.6,83.0,65.2,78.7,,0,No,4,1,75.8,6.19,Medium,,,,Pass
ENG2024401,Deepika Joshi,DS,2,4,9.29,8.61,7.77,8.69,,,,,81.5,91.3,86.1,92.1,,,,0,No,1,2,87.8,8.59,Low,,,,Pass
ENG2024402,Aarav Bhosale,DS,2,4,5.28,5.22,4.25,3.85,,,,,66.9,56.2,64.3,73.6,,,,4,No,4,1,65.2,4.65,High,,,,Fail
ENG2024403,Girish Das,ENC,3,6,8.31,9.59,8.59,9.7,7.44,10.0,,,91.3,86.8,82.5,92.8,90.1,97.0,,0,Yes,0,0,90.1,8.94,Low,,,,Pass
ENG2024404,Jayesh Desai,AI,2,4,5.77,6.96,6.02,6.4,,,,,74.0,67.0,66.5,74.2,,,,0,Yes,0,0,70.4,6.29,Low,,,,Pass
ENG2024405,Anjali Pillai,DS,2,4,6.34,5.39,4.38,4.13,,,,,70.2,56.6,50.1,62.4,,,,1,No,1,0,59.8,5.06,High,,,,Fail
ENG2024406,Sakshi Desai,CE,4,7,9.28,9.06,9.49,9.01,9.56,9.09,9.92,,89.3,82.4,83.9,91.8,82.2,80.0,78.9,0,Yes,4,2,84.1,9.34,Low,Placed,TCS,8.9,Pass
ENG2024407,Harsha Nair,CST,1,2,7.13,7.0,,,,,,,76.0,70.5,,,,,,0,No,0,2,73.2,7.06,Low,,,,Pass
ENG2024408,Pooja Bhat,CE,2,4,5.02,3.8,3.92,4.05,,,,,56.8,43.1,38.0,45.6,,,,5,No,2,0,45.9,4.2,High,,,,Fail
ENG2024409,Yogesh Mishra,ENC,4,7,4.74,5.32,5.36,5.82,3.0,5.66,3.42,,59.1,52.0,72.2,55.0,49.8,58.7,54.5,4,No,3,0,57.3,4.76,High,Not Placed,,,Fail
ENG2024410,Dhruv Kumar,CE,3,6,7.94,8.64,10.0,9.23,7.01,8.04,,,86.9,84.8,91.7,82.4,86.5,79.2,,0,Yes,1,2,85.2,8.48,Low,,,,Pass
ENG2024411,Sunita Pillai,CST,1,2,3.8,3.79,,,,,,,47.2,56.0,,,,,,7,Yes,0,1,51.6,3.8,High,,,,Fail
ENG2024412,Kunal Kulkarni,AI,2,4,5.94,7.58,6.98,6.02,,,,,81.8,83.2,75.2,78.9,,,,0,Yes,1,1,79.8,6.63,Low,,,,Pass
ENG2024413,Kiran Nair,CE,1,2,7.46,7.44,,,,,,,89.8,95.4,,,,,,0,No,3,2,92.6,7.45,Low,,,,Pass
ENG2024414,Sara Das,CST,3,6,5.31,5.41,5.3,4.58,4.65,5.28,,,67.9,67.6,74.2,57.5,60.3,54.4,,4,No,2,1,63.6,5.09,Medium,,,,Fail
ENG2024415,Vikram Desai,ENC,2,4,4.83,5.52,4.34,5.35,,,,,70.0,69.3,73.0,63.3,,,,1,No,3,0,68.9,5.01,Medium,,,,Fail
ENG2024416,Farida Kumar,CST,3,6,6.14,6.35,6.96,7.19,6.08,8.0,,,84.8,77.0,80.7,79.5,67.8,82.4,,2,Yes,2,1,78.7,6.79,Low,,,,Fail
ENG2024417,Isha Patil,AI,4,7,4.57,3.93,3.0,3.11,3.0,3.0,3.0,,37.0,61.9,55.8,38.6,40.9,59.0,52.9,3,Yes,1,0,49.4,3.37,High,Pursuing Higher Studies,,,Fail
ENG2024418,Aman Kulkarni,DS,3,6,7.86,9.65,7.59,8.29,8.75,9.59,,,90.7,89.3,93.4,94.7,95.6,85.4,,0,Yes,2,2,91.5,8.62,Low,,,,Pass
ENG2024419,Nisha Chaudhary,CE,1,2,5.69,7.32,,,,,,,71.7,70.4,,,,,,1,Yes,4,0,71.1,6.51,Low,,,,Fail
ENG2024420,Manas Naik,AI,4,7,5.99,6.42,3.49,5.74,4.38,4.28,4.65,,61.7,56.9,53.5,50.1,50.8,59.2,43.1,3,No,2,0,53.6,4.99,High,Pursuing Higher Studies,,,Fail
ENG2024421,Divya Das,CE,1,2,8.99,8.97,,,,,,,81.3,89.7,,,,,,0,Yes,3,0,85.5,8.98,Low,,,,Pass
ENG2024422,Arjun Salvi,CST,4,7,7.01,7.58,5.52,6.25,7.11,7.07,4.98,,78.9,70.1,84.2,65.6,73.6,71.5,67.0,3,No,1,2,73.0,6.5,Low,Placed,Infosys,4.4,Fail
ENG2024423,Shruti Das,AI,3,6,3.64,4.34,5.37,4.91,3.0,3.09,,,54.7,50.8,66.9,60.0,55.5,50.3,,3,No,4,0,56.4,4.06,High,,,,Fail
ENG2024424,Rahul Verma,CST,4,7,6.98,6.99,6.46,6.14,5.84,6.99,4.96,,78.2,73.1,70.2,84.6,72.0,70.8,65.5,2,Yes,3,0,73.5,6.34,Low,Placed,Capgemini,4.0,Fail
ENG2024425,Farhan Pillai,AI,2,4,6.39,5.35,4.67,5.82,,,,,56.7,74.7,66.8,61.6,,,,3,No,1,0,65.0,5.56,High,,,,Fail
ENG2024426,Waqar Bose,DS,2,4,9.13,8.31,7.95,8.78,,,,,92.4,87.6,96.6,81.3,,,,0,No,2,2,89.5,8.54,Low,,,,Pass
ENG2024427,Akash Kulkarni,CST,2,4,5.4,4.81,5.04,5.32,,,,,50.9,65.1,62.1,52.6,,,,2,Yes,2,0,57.7,5.14,Medium,,,,Fail
ENG2024428,Waqar Patel,DS,4,7,6.11,6.04,6.04,4.23,4.86,4.84,3.0,,66.9,63.7,58.3,54.2,73.1,62.0,60.6,3,No,1,0,62.7,5.02,Medium,Not Placed,,,Fail
ENG2024429,Meera Shetty,DS,2,4,8.33,9.24,8.2,8.23,,,,,89.2,81.5,91.1,80.2,,,,0,Yes,1,1,85.5,8.5,Low,,,,Pass
ENG2024430,Rohan Reddy,AI,3,6,7.02,5.62,6.06,5.57,5.75,6.78,,,77.0,78.4,72.8,74.8,75.7,75.9,,3,No,1,2,75.8,6.13,Medium,,,,Fail
ENG2024431,Lalit Iyer,AI,2,4,7.45,6.19,6.92,5.46,,,,,71.2,70.8,74.4,84.8,,,,2,No,2,0,75.3,6.51,Low,,,,Fail
ENG2024432,Jayesh More,AI,2,4,6.35,5.6,6.71,5.73,,,,,80.7,67.3,83.2,68.9,,,,1,Yes,3,3,75.0,6.1,Medium,,,,Fail
ENG2024433,Shruti Singh,AI,4,7,6.73,7.41,6.44,4.87,7.77,6.65,5.87,,80.7,73.6,70.0,71.5,64.1,64.5,79.4,0,Yes,1,2,72.0,6.53,Low,Pursuing Higher Studies,,,Pass
ENG2024434,Lakshmi Kadam,CST,2,4,6.58,6.71,7.53,5.54,,,,,69.1,80.1,74.0,84.2,,,,0,Yes,4,2,76.8,6.59,Low,,,,Pass
ENG2024435,Bharat Yadav,DS,2,4,4.06,3.75,5.06,3.0,,,,,74.3,53.6,52.5,52.8,,,,3,No,2,2,58.3,3.97,High,,,,Fail
ENG2024436,Sakshi Shinde,DS,3,6,6.68,6.64,5.61,5.25,6.29,5.39,,,68.1,77.3,68.1,76.5,75.4,72.3,,2,No,2,2,73.0,5.98,Low,,,,Fail
ENG2024437,Tarun Patel,CST,4,7,5.34,6.04,7.15,6.38,5.39,6.43,6.5,,72.0,69.3,72.5,70.4,64.0,68.8,78.8,0,Yes,3,0,70.8,6.18,Medium,Not Placed,,,Pass
ENG2024438,Harsha Iyer,CST,2,4,5.53,4.16,5.49,4.98,,,,,54.7,66.4,59.4,74.6,,,,3,Yes,1,1,63.8,5.04,High,,,,Fail
ENG2024439,Shruti Kumar,DS,2,4,7.11,6.31,5.43,5.96,,,,,65.3,65.0,77.3,68.8,,,,0,Yes,0,1,69.1,6.2,Low,,,,Pass
ENG2024440,Aman Pandey,CE,2,4,7.11,6.93,5.68,5.96,,,,,79.7,73.4,75.5,67.3,,,,3,No,2,2,74.0,6.42,Medium,,,,Fail
ENG2024441,Aarav Chaudhary,ENC,4,7,9.42,8.62,7.96,8.13,8.13,7.97,8.84,,95.9,91.5,87.0,87.7,91.3,85.3,85.5,0,No,2,1,89.2,8.44,Low,Not Placed,,,Pass
ENG2024442,Isha Bhosale,ENC,2,4,5.08,6.15,3.62,4.58,,,,,53.4,53.9,65.8,68.4,,,,4,Yes,1,0,60.4,4.86,High,,,,Fail
ENG2024443,Bhavna Mishra,CST,3,6,5.61,5.93,5.3,6.89,7.37,4.94,,,66.7,69.9,82.1,76.7,73.0,62.0,,0,No,4,2,71.7,6.01,Medium,,,,Pass
ENG2024444,Puja Pawar,DS,3,6,8.09,9.54,8.21,8.15,8.28,9.59,,,95.9,83.0,84.0,82.3,83.1,85.1,,0,Yes,1,1,85.6,8.64,Low,,,,Pass
ENG2024445,Charu Yadav,AI,2,4,5.11,5.77,5.05,6.19,,,,,56.5,68.9,68.0,53.5,,,,4,No,3,0,61.7,5.53,High,,,,Fail
ENG2024446,Farida Mehta,CE,2,4,4.48,6.25,3.98,5.1,,,,,53.0,55.5,58.2,55.5,,,,2,No,2,2,55.6,4.95,High,,,,Fail
ENG2024447,Nikhil Kulkarni,ENC,2,4,7.39,6.37,6.9,5.65,,,,,65.6,67.7,68.5,66.1,,,,1,Yes,2,2,67.0,6.58,Low,,,,Fail
ENG2024448,Tarun Gupta,CE,2,4,4.63,5.87,4.28,5.32,,,,,61.7,60.5,54.5,73.1,,,,4,No,2,1,62.4,5.03,High,,,,Fail
ENG2024449,Sakshi Naik,CE,3,6,3.79,4.53,5.92,5.14,5.34,3.63,,,70.4,70.6,55.9,58.1,65.9,65.0,,3,No,1,0,64.3,4.72,High,,,,Fail
ENG2024450,Lalit Kumar,CE,3,6,3.43,3.82,3.0,4.68,3.9,3.0,,,47.7,51.7,41.4,55.6,62.0,59.3,,7,No,1,0,53.0,3.64,High,,,,Fail
ENG2024451,Ananya Das,ENC,1,2,5.93,6.46,,,,,,,73.2,82.5,,,,,,1,No,3,1,77.8,6.2,Medium,,,,Fail
ENG2024452,Pranav Joshi,AI,4,7,5.33,3.6,3.8,3.0,4.4,3.45,3.0,,61.0,58.8,63.9,37.2,42.1,42.3,40.0,4,No,1,0,49.3,3.8,High,Pursuing Higher Studies,,,Fail
ENG2024453,Sara Malhotra,ENC,2,4,3.9,4.42,4.38,4.28,,,,,58.6,61.7,51.6,64.0,,,,7,No,2,0,59.0,4.24,High,,,,Fail
ENG2024454,Bharat Iyer,AI,1,2,7.31,6.14,,,,,,,73.8,75.4,,,,,,1,Yes,2,2,74.6,6.72,Low,,,,Fail
ENG2024455,Parth Kumar,ENC,1,2,6.24,7.1,,,,,,,80.9,78.6,,,,,,0,Yes,2,1,79.8,6.67,Low,,,,Pass
ENG2024456,Isha Kumar,AI,1,2,8.31,9.14,,,,,,,97.6,80.9,,,,,,0,Yes,1,1,89.2,8.73,Low,,,,Pass
ENG2024457,Kunal Yadav,AI,3,6,8.52,9.99,7.51,7.85,8.77,8.72,,,88.4,80.4,96.4,89.3,86.6,88.0,,0,No,4,2,88.2,8.56,Low,,,,Pass
ENG2024458,Sameer Pandey,ENC,3,6,5.78,5.96,5.43,5.71,3.0,5.07,,,68.7,64.0,65.8,56.1,50.3,63.0,,2,No,3,0,61.3,5.16,High,,,,Fail
ENG2024459,Ritika Bhosale,CE,2,4,5.64,6.97,7.07,6.93,,,,,77.9,68.5,76.2,84.6,,,,1,Yes,2,3,76.8,6.65,Low,,,,Fail
ENG2024460,Kajal Shetty,CST,2,4,4.22,4.42,6.11,3.34,,,,,62.7,56.7,63.2,72.1,,,,5,No,1,2,63.7,4.52,High,,,,Fail
ENG2024461,Priya Gawde,AI,4,7,3.91,3.0,3.43,3.0,3.0,3.0,3.0,,46.6,62.3,64.1,40.2,42.0,36.2,61.2,4,No,0,0,50.4,3.19,High,Not Placed,,,Fail
ENG2024462,Yash Mishra,CE,3,6,3.76,3.0,3.0,3.98,3.0,3.0,,,37.7,38.4,56.8,63.3,68.1,62.3,,5,No,1,0,54.4,3.29,High,,,,Fail
ENG2024463,Zainab Pandey,CE,1,2,8.06,7.9,,,,,,,93.7,83.7,,,,,,0,Yes,2,3,88.7,7.98,Low,,,,Pass
ENG2024464,Kavya Nair,ENC,3,6,6.6,7.18,6.25,5.76,6.14,7.7,,,76.4,76.2,82.0,84.9,80.1,76.5,,1,No,0,1,79.4,6.6,Low,,,,Fail
ENG2024465,Soham Pandey,CE,3,6,8.49,9.26,8.1,7.45,8.78,7.77,,,84.5,85.6,95.3,90.9,81.3,85.3,,0,Yes,1,1,87.1,8.31,Low,,,,Pass
ENG2024466,Ritika Sharma,CE,2,4,5.73,3.16,4.54,3.0,,,,,74.8,60.8,71.7,72.4,,,,4,No,4,0,69.9,4.11,High,,,,Fail
ENG2024467,Sakshi Patil,AI,2,4,5.72,5.76,4.16,5.43,,,,,67.3,60.5,71.4,69.3,,,,1,No,1,0,67.1,5.27,Medium,,,,Fail
ENG2024468,Yogesh Bose,AI,1,2,6.35,7.32,,,,,,,78.0,83.2,,,,,,0,Yes,1,1,80.6,6.84,Low,,,,Pass
ENG2024469,Girish Chaudhary,CST,3,6,5.51,5.41,4.58,3.87,3.83,5.27,,,64.3,61.2,66.5,51.3,60.1,58.3,,3,No,1,2,60.3,4.74,High,,,,Fail
ENG2024470,Kajal More,AI,3,6,8.42,9.58,8.19,7.65,8.09,8.71,,,94.2,90.6,84.1,88.6,99.8,81.6,,0,Yes,0,2,89.8,8.44,Low,,,,Pass
ENG2024471,Sneha Malhotra,AI,1,2,5.58,5.63,,,,,,,70.1,54.5,,,,,,4,Yes,1,0,62.3,5.6,High,,,,Fail
ENG2024472,Sunita Jadhav,CST,3,6,7.47,6.66,6.62,7.9,6.42,6.1,,,74.2,76.3,78.9,80.4,83.2,66.0,,2,Yes,2,2,76.5,6.86,Low,,,,Fail
ENG2024473,Nandini Rao,CST,4,7,6.02,7.46,7.62,6.07,5.76,5.96,6.37,,82.1,73.7,72.6,80.0,64.1,67.8,71.0,3,Yes,1,2,73.0,6.47,Low,Placed,Tech Mahindra,7.2,Fail
ENG2024474,Waqar Jadhav,CST,4,7,7.5,5.12,7.52,6.5,6.73,5.23,5.16,,66.8,78.7,73.6,82.3,75.3,71.6,68.1,1,No,0,2,73.8,6.25,Low,Placed,HCL,4.6,Fail
ENG2024475,Pooja Bhosale,ENC,4,7,6.82,7.27,7.23,6.24,6.63,6.97,6.64,,68.9,68.2,69.1,75.2,83.1,73.7,74.1,0,Yes,4,3,73.2,6.83,Low,Placed,Infosys,4.1,Pass
ENG2024476,Arjun Sawant,DS,3,6,4.53,4.8,3.0,3.38,3.94,3.0,,,41.6,55.4,52.5,51.6,50.1,54.9,,6,No,0,0,51.0,3.78,High,,,,Fail
ENG2024477,Jayesh Jadhav,AI,4,7,7.75,8.47,9.37,9.26,9.38,8.42,9.22,,97.9,87.2,91.5,95.9,96.8,80.1,87.5,0,Yes,4,1,91.0,8.84,Low,Placed,Capgemini,4.1,Pass
ENG2024478,Yash Shah,CST,2,4,7.46,5.79,5.95,5.02,,,,,65.4,68.0,72.6,78.7,,,,0,Yes,2,2,71.2,6.06,Medium,,,,Pass
ENG2024479,Manas Patel,DS,4,7,6.28,6.08,7.69,7.22,5.34,7.59,5.29,,78.5,67.1,74.1,74.9,75.2,77.8,70.3,0,No,1,1,74.0,6.5,Low,Placed,Accenture,4.1,Pass
ENG2024480,Jatin Pandey,DS,2,4,6.33,6.69,6.35,5.7,,,,,79.9,80.2,85.0,83.0,,,,3,Yes,2,0,82.0,6.27,Low,,,,Fail
ENG2024481,Yogesh Kadam,CST,4,7,6.15,6.0,5.66,6.02,7.2,5.52,7.03,,80.1,70.3,82.8,84.6,75.1,63.0,67.0,1,Yes,0,2,74.7,6.23,Low,Not Placed,,,Fail
ENG2024482,Gaurav Naik,CST,3,6,4.03,4.88,6.26,6.24,3.73,6.0,,,72.7,70.7,54.1,71.8,62.7,62.8,,2,No,2,1,65.8,5.19,High,,,,Fail
ENG2024483,Gaurav Dubey,CE,4,7,5.78,3.55,3.95,4.72,3.0,4.38,4.01,,69.0,54.8,64.2,70.4,38.8,50.8,51.0,4,Yes,3,2,57.0,4.2,High,Not Placed,,,Fail
ENG2024484,Harsha Sharma,AI,2,4,3.53,3.61,4.36,3.24,,,,,64.3,52.8,60.5,35.3,,,,3,No,0,1,53.2,3.68,High,,,,Fail
ENG2024485,Kiran Bhosale,CE,2,4,8.74,8.47,7.91,7.85,,,,,97.5,87.1,90.8,84.3,,,,0,No,2,1,89.9,8.24,Low,,,,Pass
ENG2024486,Kunal Nair,ENC,3,6,4.9,3.85,6.5,5.76,3.0,4.67,,,54.0,55.3,57.1,62.7,49.7,50.8,,3,Yes,3,2,54.9,4.78,High,,,,Fail
ENG2024487,Jayesh Bhat,DS,3,6,5.56,6.24,5.43,4.53,4.95,3.67,,,56.3,73.0,66.7,50.3,56.1,53.3,,2,No,3,1,59.3,5.06,High,,,,Fail
ENG2024488,Soham Roy,AI,4,7,3.73,3.43,5.03,5.37,4.51,3.3,3.23,,59.5,73.4,55.3,52.6,49.1,57.9,54.8,2,No,2,0,57.5,4.09,Medium,Not Placed,,,Fail
ENG2024489,Zara Iyer,CST,4,7,6.64,5.48,7.08,6.45,4.78,6.39,6.82,,85.0,80.1,84.4,80.7,81.4,73.0,71.0,3,Yes,0,1,79.4,6.23,Low,Placed,Capgemini,4.7,Fail
ENG2024490,Sneha Chaudhary,ENC,4,7,9.19,8.52,9.36,8.87,7.06,9.21,7.46,,83.4,86.5,95.5,87.6,72.7,88.3,79.1,0,Yes,2,2,84.7,8.52,Low,Placed,Wipro,13.1,Pass
ENG2024491,Vidya Sawant,ENC,4,7,3.56,4.39,3.0,3.62,3.0,3.18,3.0,,52.2,58.1,43.7,47.3,46.6,42.4,47.9,5,No,0,0,48.3,3.39,High,Pursuing Higher Studies,,,Fail
ENG2024492,Lalit Chaudhary,DS,1,2,3.46,3.44,,,,,,,51.5,41.0,,,,,,3,No,1,1,46.2,3.45,High,,,,Fail
ENG2024493,Anjali Roy,DS,1,2,3.82,3.15,,,,,,,42.3,50.8,,,,,,4,Yes,1,0,46.6,3.48,High,,,,Fail
ENG2024494,Sakshi Pillai,AI,3,6,8.38,9.21,7.73,8.08,9.63,9.56,,,90.1,97.5,92.4,96.1,95.7,97.9,,0,Yes,1,1,95.0,8.77,Low,,,,Pass
ENG2024495,Farhan Salvi,AI,1,2,6.6,5.43,,,,,,,83.8,65.9,,,,,,2,No,1,0,74.8,6.02,Medium,,,,Fail
ENG2024496,Gaurav Singh,CE,3,6,6.66,6.68,4.96,5.74,5.42,6.81,,,75.7,74.4,75.2,77.7,81.1,87.5,,1,No,1,1,78.6,6.05,Low,,,,Fail
ENG2024497,Farida Joshi,CST,1,2,4.94,5.85,,,,,,,66.8,59.7,,,,,,3,Yes,1,2,63.2,5.4,High,,,,Fail
ENG2024498,Sanket Verma,DS,2,4,7.16,7.65,6.02,5.18,,,,,82.5,71.9,76.2,73.7,,,,1,Yes,1,1,76.1,6.5,Low,,,,Fail
ENG2024499,Chirag Desai,CST,3,6,7.12,6.36,5.59,5.62,5.9,5.87,,,65.9,82.6,82.9,75.5,63.1,50.7,,0,Yes,2,2,70.1,6.08,Low,,,,Pass
ENG2024500,Tanvi Pawar,CE,4,7,5.01,4.67,3.0,3.6,3.0,4.77,3.0,,40.3,50.4,47.8,61.7,63.5,57.8,52.5,5,No,2,0,53.4,3.86,High,Pursuing Higher Studies,,,Fail
